'09/24/2015',643
'09/24/2010',286
'08/11/2012',384
'03/30/2013',285
'03/30/2014',249
'08/11/2014',359
'04/09/2012',178
'02/25/2012',215
'02/25/2011',110
'10/04/2012',275
'09/06/2013',369
'05/13/2012',535
'10/04/2011',206
'05/13/2015',442
'10/27/2013',363
'09/06/2015',852
'04/09/2011',253
'01/18/2015',323
'02/26/2011',171
'01/18/2016',309
'02/26/2016',308
'01/18/2013',166
'07/15/2011',289
'07/15/2014',167
'10/31/2014',397
'02/09/2010',96
'12/29/2010',45
'03/25/2011',153
'02/09/2013',115
'12/29/2015',231
'01/13/2012',171
'05/24/2012',250
'05/24/2011',293
'05/24/2014',502
'12/02/2012',208
'12/02/2011',187
'09/10/2010',326
'08/10/2014',703
'07/05/2010',156
'08/10/2012',212
'04/17/2014',260
'12/01/2013',265
'02/07/2014',183
'12/01/2010',121
'02/07/2013',150
'12/01/2015',231
'01/14/2013',142
'01/14/2014',189
'02/06/2015',202
'02/06/2016',434
'02/06/2013',143
'02/24/2014',155
'05/21/2015',367
'01/09/2014',144
'05/21/2013',436
'12/21/2011',129
'10/27/2015',392
'06/17/2011',207
'04/11/2013',213
'10/29/2010',211
'01/31/2014',203
'08/28/2012',213
'09/27/2011',266
'01/31/2012',151
'08/28/2014',358
'01/16/2016',462
'01/16/2013',143
'01/16/2010',174
'05/22/2014',344
'12/24/2015',362
'12/24/2010',89
'02/23/2010',90
'02/23/2013',249
'10/04/2014',628
'02/23/2016',268
'08/02/2012',218
'12/25/2014',153
'12/25/2011',134
'12/25/2012',49
'07/06/2015',427
'12/18/2010',160
'07/06/2010',125
'07/06/2013',332
'03/05/2015',178
'11/01/2012',55
'06/29/2013',472
'10/30/2014',349
'04/24/2012',229
'10/10/2015',691
'08/31/2015',353
'10/10/2012',240
'04/24/2014',289
'01/06/2015',208
'03/07/2015',319
'05/01/2010',406
'07/30/2011',355
'02/14/2013',202
'01/23/2014',105
'02/14/2016',267
'02/14/2015',323
'06/08/2012',404
'06/08/2014',822
'07/01/2011',269
'12/04/2011',259
'07/01/2012',324
'12/04/2014',324
'11/12/2014',338
'12/09/2015',416
'10/24/2013',247
'09/02/2014',243
'06/01/2012',278
'09/02/2013',284
'06/25/2012',201
'06/25/2011',414
'06/25/2014',358
'06/03/2012',405
'06/03/2011',270
'12/15/2010',99
'07/03/2012',296
'04/07/2015',402
'10/06/2010',201
'09/04/2011',484
'10/06/2013',383
'09/04/2014',332
'06/16/2015',309
'02/20/2015',222
'09/30/2014',319
'10/05/2015',400
'02/20/2016',600
'09/07/2014',565
'06/20/2015',853
'06/20/2013',370
'03/04/2012',219
'03/27/2014',265
'03/04/2011',139
'03/27/2011',138
'03/04/2014',197
'03/27/2012',173
'06/04/2015',496
'06/04/2012',219
'04/14/2015',420
'11/08/2011',224
'04/14/2010',214
'04/14/2013',302
'10/02/2011',310
'11/10/2013',343
'01/13/2014',199
'01/29/2013',144
'01/29/2014',177
'10/05/2010',179
'09/07/2013',621
'05/12/2014',526
'06/16/2010',256
'08/05/2010',186
'05/12/2011',246
'06/16/2013',648
'10/09/2015',456
'11/10/2014',317
'12/06/2011',159
'01/02/2013',125
'10/09/2013',352
'02/09/2016',271
'12/28/2013',214
'01/01/2013',91
'11/02/2010',182
'07/20/2015',320
'11/13/2010',343
'11/02/2015',387
'11/13/2015',451
'03/29/2015',367
'08/01/2014',458
'10/15/2011',360
'02/15/2015',226
'05/29/2014',359
'05/29/2011',269
'05/29/2012',269
'04/25/2014',292
'02/15/2016',212
'04/25/2012',248
'07/21/2011',158
'03/29/2012',212
'11/18/2015',472
'11/18/2010',171
'06/24/2010',179
'06/24/2015',555
'06/15/2014',829
'07/08/2010',176
'01/24/2012',188
'01/24/2011',91
'11/13/2013',191
'01/25/2010',114
'08/06/2015',475
'01/01/2010',96
'08/06/2012',196
'02/01/2010',103
'02/01/2013',175
'11/09/2012',124
'02/01/2016',284
'07/18/2013',213
'07/18/2010',203
'01/01/2015',248
'03/10/2011',105
'10/21/2015',607
'10/21/2012',257
'11/09/2015',385
'06/27/2010',211
'11/15/2011',344
'11/04/2011',212
'06/27/2013',199
'04/26/2014',474
'04/26/2011',307
'04/26/2012',217
'06/19/2010',435
'11/16/2012',170
'11/15/2012',162
'06/19/2015',599
'11/16/2015',416
'05/25/2011',322
'05/25/2012',402
'08/01/2013',185
'06/21/2012',297
'06/21/2011',423
'12/22/2010',106
'12/22/2013',301
'08/07/2010',379
'11/01/2015',574
'08/07/2013',292
'06/22/2013',598
'06/22/2010',207
'09/16/2013',241
'10/18/2011',302
'09/16/2010',180
'01/15/2012',174
'01/15/2011',126
'01/15/2014',204
'03/06/2010',245
'03/06/2013',154
'03/06/2016',424
'01/21/2011',96
'01/21/2012',172
'12/30/2013',161
'08/20/2013',288
'08/20/2010',235
'10/08/2012',207
'08/20/2015',430
'04/30/2011',283
'11/21/2013',250
'01/12/2015',199
'02/10/2015',227
'09/09/2013',286
'10/22/2013',243
'04/08/2015',311
'09/09/2010',229
'09/09/2015',292
'10/22/2015',621
'04/28/2015',589
'04/28/2012',326
'02/18/2012',275
'03/03/2014',142
'05/23/2012',376
'05/23/2014',357
'03/02/2014',270
'11/05/2013',250
'05/15/2012',252
'03/02/2012',172
'05/15/2011',222
'11/27/2015',322
'11/27/2010',129
'11/27/2013',108
'03/05/2010',123
'05/02/2010',379
'07/20/2010',192
'07/20/2013',287
'02/10/2016',294
'03/09/2014',271
'12/09/2010',106
'03/09/2011',112
'02/10/2010',52
'03/09/2012',226
'09/15/2012',533
'09/30/2012',430
'05/26/2012',498
'09/15/2011',227
'05/26/2015',503
'09/15/2014',437
'07/12/2010',183
'02/13/2012',98
'02/02/2013',200
'02/02/2014',297
'02/13/2014',103
'03/15/2014',433
'11/20/2010',212
'06/26/2014',370
'11/20/2015',444
'03/15/2012',216
'12/28/2015',243
'12/21/2012',142
'05/07/2014',353
'05/07/2011',316
'07/19/2011',217
'05/07/2012',265
'12/11/2012',177
'12/11/2011',220
'11/05/2015',458
'11/05/2010',179
'02/18/2011',184
'08/03/2014',580
'11/22/2015',516
'11/22/2012',147
'08/03/2012',269
'06/10/2012',510
'05/04/2015',584
'12/12/2011',166
'06/10/2011',201
'05/04/2010',305
'07/23/2010',169
'06/10/2014',463
'05/04/2013',402
'11/08/2014',464
'12/09/2013',134
'05/28/2010',306
'11/03/2012',100
'11/03/2011',213
'11/03/2014',302
'07/28/2011',270
'11/17/2015',453
'04/02/2014',353
'04/02/2011',200
'08/30/2012',301
'07/09/2010',204
'12/19/2014',295
'08/30/2011',312
'07/09/2015',339
'12/19/2013',174
'03/21/2011',125
'11/17/2012',218
'02/04/2013',129
'02/04/2010',134
'02/04/2015',252
'04/23/2010',284
'02/16/2012',148
'02/16/2015',218
'05/17/2015',701
'10/29/2013',203
'07/11/2014',471
'07/11/2012',278
'01/22/2011',116
'04/11/2010',325
'01/22/2014',80
'10/26/2010',247
'08/02/2014',623
'01/19/2016',244
'09/23/2015',603
'09/23/2012',400
'08/22/2014',366
'07/30/2012',240
'08/22/2011',257
'08/22/2012',267
'12/27/2012',97
'02/24/2011',130
'02/24/2012',170
'10/20/2011',280
'10/20/2014',301
'12/17/2010',154
'07/16/2013',191
'12/17/2013',152
'01/19/2010',92
'03/08/2012',293
'03/08/2011',139
'09/11/2014',391
'12/08/2011',156
'04/12/2013',195
'04/12/2015',544
'03/22/2010',149
'07/14/2013',359
'12/03/2010',138
'07/14/2010',169
'11/29/2012',166
'10/19/2012',252
'11/29/2011',183
'10/19/2015',334
'11/29/2014',335
'06/30/2015',541
'06/30/2010',224
'06/30/2013',350
'10/24/2015',751
'08/09/2012',213
'08/09/2011',185
'02/27/2016',538
'02/27/2011',177
'10/23/2013',309
'10/23/2014',269
'01/09/2012',157
'10/13/2010',239
'10/11/2015',685
'04/17/2011',173
'05/22/2012',208
'04/17/2012',327
'05/28/2015',549
'06/18/2010',319
'03/21/2014',288
'02/20/2010',210
'01/28/2010',109
'04/07/2010',260
'08/30/2014',721
'04/07/2013',276
'12/23/2014',209
'09/13/2011',278
'12/23/2011',129
'06/01/2014',803
'09/14/2010',269
'05/27/2014',394
'09/14/2015',434
'05/27/2011',335
'09/18/2015',652
'01/11/2012',130
'10/16/2010',258
'09/18/2013',307
'01/11/2011',76
'02/05/2016',248
'02/05/2011',111
'02/22/2014',328
'02/22/2011',96
'01/12/2013',241
'07/26/2013',372
'01/12/2010',65
'08/18/2012',470
'07/26/2015',576
'09/26/2014',553
'02/08/2016',231
'12/07/2013',298
'03/10/2014',208
'02/08/2013',137
'12/07/2014',393
'09/26/2012',248
'02/08/2010',98
'02/03/2013',170
'02/03/2016',309
'02/03/2015',154
'10/03/2013',371
'09/01/2012',404
'10/03/2010',293
'07/18/2015',869
'10/03/2015',451
'09/01/2014',466
'08/18/2014',373
'12/26/2014',172
'06/11/2010',278
'01/19/2015',305
'06/11/2015',514
'04/19/2015',662
'12/26/2012',89
'04/13/2013',340
'12/05/2013',252
'04/13/2014',584
'12/05/2010',148
'06/02/2014',485
'06/02/2011',217
'06/02/2012',382
'11/30/2010',135
'11/30/2013',218
'01/04/2015',254
'05/03/2010',198
'12/20/2013',227
'05/03/2015',744
'06/29/2014',658
'12/20/2015',410
'06/09/2015',470
'09/08/2015',288
'06/09/2010',154
'06/09/2013',715
'08/31/2010',126
'03/26/2012',188
'03/28/2012',251
'03/26/2011',155
'07/04/2014',383
'02/11/2016',247
'07/04/2013',351
'04/22/2010',216
'04/22/2015',420
'10/12/2011',239
'10/28/2011',228
'01/27/2011',73
'10/12/2012',217
'04/10/2014',337
'01/27/2016',282
'11/21/2015',703
'07/07/2012',337
'03/20/2012',290
'03/20/2015',245
'07/07/2014',331
'01/17/2011',121
'01/17/2014',210
'08/29/2011',182
'04/19/2012',283
'04/16/2014',219
'04/16/2013',246
'02/11/2015',240
'01/08/2014',148
'01/08/2012',178
'08/17/2013',654
'08/17/2014',635
'04/15/2013',268
'04/15/2010',236
'04/15/2015',489
'10/11/2012',230
'11/11/2010',141
'08/16/2014',884
'03/19/2010',277
'03/19/2013',132
'02/29/2016',300
'01/04/2012',102
'01/02/2014',86
'03/07/2012',220
'05/05/2013',343
'05/05/2010',309
'05/05/2015',627
'06/12/2011',265
'03/24/2010',131
'03/24/2013',234
'10/26/2015',367
'09/19/2012',233
'10/17/2010',296
'04/10/2011',162
'03/23/2011',106
'03/23/2012',360
'03/13/2012',292
'03/13/2011',133
'03/13/2014',183
'10/31/2012',23
'11/28/2010',146
'10/31/2011',235
'11/28/2015',427
'06/28/2010',135
'04/09/2014',290
'10/14/2014',459
'11/19/2015',393
'11/19/2013',184
'05/18/2014',700
'07/02/2012',203
'07/02/2015',583
'04/21/2010',199
'08/14/2014',468
'04/21/2013',273
'05/20/2012',509
'01/23/2011',99
'05/20/2011',358
'08/16/2012',170
'08/13/2014',296
'08/16/2011',319
'08/13/2011',503
'11/12/2012',169
'08/13/2012',243
'05/11/2013',433
'10/28/2014',386
'05/11/2015',556
'03/16/2015',272
'03/16/2013',270
'10/01/2014',415
'09/28/2010',198
'08/24/2014',710
'10/01/2011',331
'09/03/2010',196
'08/24/2011',296
'10/01/2012',239
'07/17/2012',203
'07/17/2011',341
'07/17/2014',429
'03/18/2013',118
'09/05/2012',152
'01/07/2011',117
'01/07/2012',269
'03/18/2010',224
'03/03/2012',240
'01/30/2012',108
'05/14/2015',520
'05/14/2013',237
'09/21/2012',373
'06/26/2011',317
'01/26/2015',145
'07/27/2013',559
'01/26/2010',136
'07/27/2014',617
'01/26/2013',153
'01/05/2015',188
'01/05/2012',110
'07/30/2014',395
'06/07/2010',246
'12/27/2014',291
'05/17/2010',301
'05/17/2013',450
'04/18/2011',190
'01/20/2010',134
'07/10/2010',308
'05/09/2013',291
'05/09/2010',154
'04/18/2014',288
'07/22/2014',367
'08/27/2010',311
'03/12/2010',127
'02/21/2010',171
'10/18/2014',690
'03/12/2015',301
'03/28/2015',434
'07/31/2012',265
'06/22/2015',494
'07/31/2011',333
'07/16/2014',341
'12/06/2012',163
'05/30/2013',362
'05/30/2010',372
'05/08/2012',233
'03/11/2013',215
'05/08/2015',810
'06/14/2012',377
'06/14/2011',209
'03/11/2010',143
'12/30/2010',78
'12/06/2014',380
'02/11/2013',113
'07/22/2013',193
'08/19/2011',297
'10/14/2012',272
'07/24/2012',259
'07/24/2015',577
'03/17/2012',315
'03/17/2011',208
'04/01/2012',265
'05/31/2012',294
'04/01/2011',143
'05/31/2015',561
'04/01/2014',315
'03/31/2013',207
'03/14/2011',133
'04/27/2012',196
'02/28/2014',274
'04/27/2011',256
'12/10/2014',239
'12/10/2011',298
'12/10/2012',147
'02/19/2014',158
'06/13/2015',850
'02/19/2011',111
'06/13/2012',260
'02/19/2012',245
'06/23/2015',391
'11/14/2013',199
'06/23/2010',177
'06/23/2013',479
'02/12/2015',230
'02/12/2010',110
'02/12/2013',178
'04/08/2010',295
'10/30/2013',290
'05/01/2013',268
'07/03/2015',788
'09/11/2013',234
'04/04/2014',250
'09/20/2010',243
'11/25/2015',309
'04/04/2011',161
'11/25/2010',101
'04/04/2012',229
'11/24/2015',337
'03/01/2010',82
'01/03/2010',51
'11/26/2012',118
'04/20/2015',278
'04/20/2012',327
'11/26/2014',159
'02/15/2010',130
'04/29/2012',294
'08/12/2015',399
'09/08/2010',186
'04/29/2015',587
'08/12/2010',179
'09/08/2013',510
'12/30/2015',310
'05/19/2012',526
'10/25/2011',213
'05/19/2011',155
'12/13/2011',128
'05/19/2014',341
'09/29/2011',255
'09/29/2012',552
'08/23/2012',308
'08/08/2010',301
'08/23/2011',215
'09/25/2010',346
'04/30/2012',177
'02/17/2015',173
'02/17/2012',194
'08/25/2012',540
'10/08/2011',429
'11/07/2012',67
'08/25/2015',457
'11/07/2011',164
'12/14/2010',116
'12/14/2015',333
'11/06/2010',235
'09/12/2012',343
'08/15/2014',492
'08/15/2011',211
'09/12/2014',490
'11/14/2015',623
'03/24/2015',298
'06/06/2010',272
'06/06/2015',1044
'12/31/2011',227
'09/22/2015',521
'12/16/2014',323
'12/16/2011',212
'06/12/2014',361
'07/29/2011',214
'05/18/2013',552
'09/17/2010',246
'11/23/2012',141
'11/23/2015',251
'05/10/2011',239
'08/21/2015',522
'05/10/2012',270
'08/21/2010',440
'06/15/2011',286
'08/21/2013',296
'09/17/2013',244
'08/26/2011',94
'08/26/2012',470
'11/24/2013',226
'08/14/2011',212
'10/17/2015',664
'07/13/2012',257
'07/13/2011',228
'09/05/2015',818
'10/07/2013',259
'02/28/2013',202
'03/05/2016',513
'10/07/2010',224
'09/21/2011',256
'01/06/2013',150
'04/03/2013',181
'01/06/2016',266
'01/30/2014',187
'07/10/2013',178
'09/19/2011',251
'07/10/2015',532
'03/31/2015',342
'04/03/2010',245
'04/05/2012',156
'04/05/2011',154
'08/04/2010',209
'08/04/2015',428
'06/15/2012',403
'04/06/2013',299
'04/06/2010',266
'04/06/2015',446
'09/22/2012',500
'01/10/2010',86
'10/24/2010',321
'07/25/2014',477
'07/25/2011',201
'05/16/2011',210
'06/05/2010',325
'05/06/2014',338
'06/05/2013',384
'05/06/2013',273
'09/24/2012',258
'09/24/2011',400
'03/30/2011',143
'08/11/2011',318
'03/30/2012',185
'02/25/2014',171
'02/25/2013',162
'04/09/2013',316
'05/13/2010',207
'10/27/2014',330
'09/06/2010',340
'05/13/2013',227
'10/27/2011',200
'10/14/2011',240
'09/27/2015',836
'10/04/2015',547
'02/26/2013',142
'01/18/2014',307
'02/26/2010',57
'01/18/2011',100
'02/26/2015',231
'01/18/2012',151
'07/15/2012',315
'07/15/2015',424
'04/09/2015',314
'08/05/2012',258
'01/13/2015',217
'12/29/2013',144
'08/05/2011',319
'02/09/2014',220
'12/29/2014',209
'03/25/2015',287
'01/13/2013',232
'05/24/2013',173
'05/24/2015',878
'12/02/2014',246
'12/02/2013',178
'09/10/2015',255
'09/10/2013',308
'07/05/2015',765
'08/10/2015',428
'08/10/2010',178
'07/05/2013',244
'08/10/2013',509
'02/07/2016',375
'12/01/2012',222
'02/07/2015',331
'02/07/2010',125
'12/01/2014',273
'01/14/2011',93
'01/14/2012',200
'07/13/2013',415
'02/06/2014',113
'02/06/2011',98
'02/06/2012',133
'05/21/2014',501
'05/21/2011',439
'05/21/2012',230
'06/17/2013',320
'09/27/2013',366
'04/11/2015',596
'06/17/2010',237
'10/29/2012',46
'06/17/2015',438
'10/04/2013',361
'08/31/2013',481
'01/31/2015',279
'08/28/2011',41
'01/31/2010',137
'01/31/2013',184
'01/16/2015',279
'09/27/2010',187
'01/16/2012',133
'05/22/2015',538
'05/22/2010',475
'08/18/2013',458
'05/22/2013',357
'12/21/2010',104
'02/23/2011',103
'02/23/2014',282
'10/27/2012',482
'12/25/2010',64
'07/06/2011',166
'11/01/2010',106
'11/01/2013',326
'06/29/2010',133
'03/05/2014',181
'06/01/2010',195
'04/24/2011',205
'10/10/2014',459
'10/10/2011',336
'04/21/2011',181
'03/07/2014',246
'03/07/2011',110
'02/14/2010',122
'01/23/2013',126
'06/08/2011',211
'10/11/2010',233
'07/01/2010',237
'12/04/2012',163
'09/20/2011',260
'07/01/2015',556
'12/04/2015',365
'09/28/2012',299
'08/16/2013',474
'09/02/2015',426
'09/02/2010',182
'06/25/2013',234
'06/25/2015',561
'06/03/2014',434
'06/03/2013',151
'12/15/2012',265
'07/03/2014',206
'12/15/2014',273
'10/06/2011',268
'09/04/2012',167
'11/12/2013',146
'10/06/2014',337
'09/04/2015',508
'04/07/2011',176
'06/16/2011',324
'06/20/2014',575
'06/20/2011',274
'06/20/2012',250
'03/04/2013',125
'03/04/2016',254
'03/27/2010',207
'03/04/2015',235
'06/04/2014',444
'06/04/2011',381
'01/02/2015',191
'04/14/2011',251
'10/02/2014',422
'10/02/2012',201
'01/29/2011',117
'03/25/2013',124
'01/29/2012',209
'11/10/2010',180
'02/09/2011',90
'09/07/2011',141
'10/05/2013',539
'09/07/2012',256
'05/12/2013',379
'10/05/2014',558
'05/12/2010',137
'01/02/2016',326
'10/09/2014',364
'11/10/2015',327
'10/09/2011',425
'04/20/2011',184
'01/02/2010',96
'10/09/2012',173
'01/13/2010',112
'08/05/2014',398
'07/23/2013',168
'11/13/2012',119
'11/02/2013',514
'11/02/2014',350
'01/01/2014',151
'10/15/2014',366
'08/01/2015',756
'09/03/2013',266
'08/01/2010',253
'09/08/2011',230
'05/29/2010',400
'04/25/2015',645
'08/12/2011',407
'04/25/2010',160
'04/25/2013',253
'07/21/2013',352
'03/29/2014',379
'03/29/2011',103
'06/01/2013',507
'11/18/2012',173
'11/18/2011',211
'06/24/2013',262
'06/24/2014',454
'07/08/2012',291
'01/24/2014',132
'07/08/2011',177
'01/24/2013',145
'07/08/2014',277
'01/01/2012',182
'01/25/2015',315
'01/25/2016',163
'01/25/2013',159
'10/25/2013',234
'08/06/2014',369
'08/06/2011',433
'12/08/2012',255
'02/01/2011',102
'02/01/2014',370
'07/18/2012',138
'10/25/2010',232
'03/10/2013',273
'07/18/2014',491
'10/21/2014',364
'04/19/2011',167
'11/04/2013',178
'06/27/2011',263
'11/04/2010',154
'06/27/2014',520
'12/13/2012',189
'11/04/2015',481
'11/15/2010',189
'04/26/2010',124
'11/16/2010',158
'06/19/2013',343
'11/16/2013',425
'06/19/2014',348
'01/04/2016',230
'01/21/2010',129
'01/07/2015',193
'05/25/2015',964
'06/21/2014',957
'06/21/2013',511
'12/22/2011',180
'12/22/2014',248
'08/23/2013',348
'08/07/2011',262
'08/07/2014',396
'07/19/2012',260
'06/22/2012',206
'09/16/2015',490
'10/18/2013',393
'07/31/2013',294
'06/22/2014',812
'11/24/2014',324
'01/15/2016',333
'01/15/2015',211
'03/06/2011',149
'03/06/2014',194
'01/12/2012',150
'08/20/2012',277
'10/08/2014',410
'10/08/2013',296
'03/31/2010',167
'08/20/2014',399
'08/18/2010',168
'12/30/2012',162
'09/09/2012',317
'10/22/2010',181
'01/21/2016',233
'09/09/2014',361
'04/28/2014',310
'04/28/2011',218
'11/05/2011',277
'05/23/2011',203
'03/02/2015',166
'05/15/2014',290
'03/02/2010',114
'05/15/2013',249
'03/02/2013',212
'11/27/2011',247
'05/02/2012',178
'08/02/2011',250
'05/02/2011',216
'07/20/2011',187
'05/02/2014',483
'12/09/2012',170
'02/10/2012',167
'03/09/2010',143
'12/09/2014',217
'05/26/2010',298
'09/15/2013',468
'09/30/2011',274
'05/26/2013',352
'09/15/2015',494
'07/12/2013',224
'10/15/2012',164
'02/02/2011',77
'02/13/2011',134
'02/02/2012',172
'02/13/2016',348
'03/15/2015',364
'11/20/2013',188
'07/21/2010',149
'03/15/2010',111
'11/20/2014',287
'03/15/2013',227
'05/01/2012',261
'07/03/2011',285
'07/21/2015',316
'07/19/2014',835
'05/07/2010',255
'02/10/2011',104
'12/12/2013',194
'12/11/2014',244
'12/11/2013',171
'02/18/2014',173
'02/18/2013',127
'07/12/2015',823
'08/03/2015',332
'11/22/2014',449
'08/03/2010',260
'11/22/2011',134
'08/03/2013',518
'07/23/2015',535
'06/10/2013',218
'12/12/2010',165
'12/21/2015',249
'05/04/2011',190
'12/12/2015',923
'06/10/2015',596
'05/28/2012',490
'05/28/2011',349
'11/08/2013',266
'05/17/2011',180
'11/03/2015',514
'07/28/2014',324
'03/05/2013',130
'07/28/2012',363
'11/08/2010',125
'01/05/2014',177
'04/02/2013',125
'11/03/2013',331
'08/30/2013',379
'07/09/2013',165
'12/19/2015',446
'03/21/2013',184
'07/09/2014',275
'12/19/2010',168
'08/30/2015',730
'02/04/2012',247
'11/17/2011',212
'02/04/2014',142
'04/23/2012',137
'04/23/2011',136
'10/29/2015',441
'04/23/2014',284
'02/16/2010',99
'02/16/2013',217
'02/16/2016',285
'04/11/2012',202
'07/11/2015',909
'07/11/2010',243
'07/11/2013',225
'01/22/2012',185
'10/26/2012',356
'01/22/2015',218
'10/26/2011',248
'09/23/2014',357
'09/23/2011',384
'03/18/2015',258
'03/18/2012',325
'12/27/2011',87
'02/24/2010',97
'12/26/2010',38
'04/18/2012',252
'10/20/2015',472
'07/16/2011',454
'12/17/2011',252
'07/16/2012',158
'12/17/2014',316
'06/15/2010',326
'01/19/2011',103
'03/08/2014',355
'03/08/2013',149
'12/08/2014',296
'09/11/2015',507
'09/11/2010',395
'04/02/2010',255
'04/13/2012',321
'03/22/2012',368
'03/22/2011',129
'03/22/2014',420
'12/03/2015',396
'07/14/2015',386
'07/14/2012',392
'12/03/2013',218
'10/19/2010',200
'09/17/2011',552
'10/19/2013',500
'09/17/2014',430
'11/29/2015',368
'06/30/2011',266
'08/09/2014',806
'08/09/2013',211
'02/27/2014',189
'04/17/2010',217
'02/27/2012',136
'10/23/2011',336
'12/24/2012',112
'10/23/2012',249
'10/13/2012',299
'01/09/2011',111
'10/13/2011',192
'01/09/2016',516
'10/13/2014',341
'12/24/2011',155
'06/18/2012',293
'06/18/2011',384
'06/18/2014',343
'01/28/2012',259
'02/20/2013',156
'01/28/2011',89
'02/20/2014',152
'01/28/2014',160
'09/13/2014',564
'12/28/2010',20
'03/21/2010',272
'12/23/2013',156
'09/13/2012',355
'12/23/2010',112
'05/25/2010',302
'06/01/2015',269
'09/14/2013',474
'05/27/2013',551
'09/14/2014',656
'05/27/2010',226
'10/16/2015',572
'09/18/2014',494
'01/11/2014',238
'09/18/2011',483
'01/11/2013',125
'10/16/2013',326
'09/18/2012',138
'02/05/2014',120
'12/20/2010',109
'02/05/2012',234
'02/22/2016',360
'04/08/2013',257
'02/22/2013',166
'02/22/2010',84
'08/18/2015',354
'07/26/2010',176
'01/21/2015',256
'01/12/2014',277
'12/07/2011',212
'09/26/2015',1079
'02/08/2015',319
'12/07/2012',175
'09/26/2010',376
'02/08/2012',173
'09/26/2013',348
'02/03/2010',104
'10/03/2012',261
'09/01/2011',409
'10/03/2014',473
'03/10/2010',152
'03/11/2011',154
'12/26/2015',324
'06/11/2013',264
'01/19/2012',151
'06/11/2014',414
'12/26/2013',91
'04/13/2011',135
'12/05/2015',655
'04/19/2014',451
'12/05/2012',177
'06/02/2010',185
'11/30/2011',160
'11/30/2014',346
'10/21/2011',274
'05/03/2013',309
'05/03/2014',640
'03/28/2010',130
'06/29/2015',587
'06/09/2011',122
'03/26/2014',223
'08/31/2014',555
'03/26/2013',156
'07/04/2015',805
'07/04/2010',182
'04/22/2013',213
'04/22/2014',314
'01/27/2013',186
'10/12/2010',224
'11/21/2010',188
'01/27/2010',127
'10/12/2015',486
'04/10/2015',378
'01/27/2015',82
'03/20/2010',384
'10/28/2012',190
'07/07/2011',257
'03/20/2013',162
'08/29/2014',475
'01/17/2012',138
'01/17/2015',293
'08/29/2012',276
'04/16/2015',501
'04/16/2010',158
'01/08/2015',192
'01/08/2010',117
'01/08/2013',132
'08/17/2011',344
'08/17/2012',315
'11/13/2014',279
'04/15/2012',518
'04/15/2014',232
'01/03/2015',325
'01/04/2010',73
'01/03/2016',343
'11/11/2013',205
'03/19/2011',203
'03/19/2014',219
'05/05/2012',418
'01/04/2013',123
'05/18/2012',443
'05/05/2014',334
'06/12/2012',205
'06/12/2015',511
'09/19/2014',511
'10/28/2015',303
'10/17/2012',272
'09/19/2013',192
'10/17/2011',221
'03/23/2010',119
'02/11/2012',224
'03/23/2015',217
'04/10/2012',185
'03/13/2013',182
'03/13/2015',321
'06/28/2015',700
'10/31/2013',339
'11/28/2013',113
'11/28/2014',178
'06/28/2013',241
'10/31/2015',709
'11/19/2014',228
'11/19/2011',335
'08/14/2012',254
'11/19/2012',148
'07/02/2010',240
'07/02/2013',179
'01/23/2016',184
'05/20/2014',473
'04/21/2014',286
'05/20/2013',293
'01/23/2010',170
'11/12/2015',393
'11/12/2010',204
'08/13/2010',288
'08/16/2015',681
'05/11/2010',208
'03/25/2010',185
'03/16/2014',396
'03/16/2011',146
'03/16/2012',206
'09/03/2015',357
'09/28/2011',222
'08/24/2013',671
'10/01/2010',212
'09/28/2014',614
'08/24/2010',225
'07/17/2013',227
'09/05/2014',389
'07/17/2015',613
'12/15/2011',209
'08/22/2010',187
'01/07/2010',111
'11/15/2015',517
'07/22/2010',176
'01/07/2016',272
'03/03/2011',122
'03/03/2016',314
'04/03/2011',176
'05/14/2014',390
'05/14/2011',358
'01/06/2010',96
'05/14/2012',334
'06/26/2013',252
'06/26/2010',342
'07/27/2011',219
'09/21/2015',472
'01/26/2016',231
'07/27/2012',204
'01/26/2011',79
'11/17/2014',216
'01/05/2011',135
'06/07/2012',353
'06/07/2011',269
'07/30/2010',241
'06/07/2014',867
'01/20/2012',156
'01/20/2011',149
'10/20/2012',453
'01/20/2014',228
'05/09/2015',926
'05/09/2012',223
'04/18/2015',1022
'08/27/2012',208
'08/27/2011',82
'07/31/2014',398
'08/27/2014',336
'02/21/2012',180
'03/12/2013',152
'02/21/2011',115
'03/12/2014',272
'02/21/2014',248
'09/16/2012',467
'10/18/2010',166
'10/24/2011',194
'05/30/2015',986
'05/30/2012',250
'02/11/2014',151
'05/08/2010',274
'05/08/2013',221
'02/11/2011',122
'06/14/2014',739
'06/14/2013',288
'12/06/2013',223
'03/11/2014',326
'12/06/2015',526
'12/30/2014',214
'08/19/2013',282
'08/19/2010',239
'08/19/2015',367
'07/24/2010',246
'07/24/2013',224
'11/09/2010',197
'03/17/2014',230
'03/17/2013',245
'05/31/2010',421
'04/01/2013',171
'05/31/2013',366
'04/01/2015',366
'03/14/2013',155
'04/27/2014',427
'03/14/2010',73
'04/27/2013',448
'03/14/2015',393
'12/10/2010',163
'06/13/2014',344
'02/19/2010',147
'06/13/2011',237
'06/23/2011',189
'11/14/2010',231
'11/11/2015',361
'02/12/2016',325
'02/12/2011',158
'10/30/2011',180
'05/01/2015',552
'10/30/2012',13
'04/08/2014',318
'09/20/2012',267
'10/11/2013',307
'11/25/2012',131
'04/04/2010',294
'09/20/2014',867
'11/25/2011',165
'03/01/2015',278
'03/01/2016',287
'03/01/2013',169
'01/03/2013',135
'12/18/2015',362
'11/26/2011',306
'04/20/2014',371
'04/12/2010',208
'12/18/2013',151
'04/29/2010',227
'02/15/2013',217
'04/29/2013',195
'08/12/2012',459
'02/15/2014',238
'01/15/2013',120
'12/13/2014',447
'05/19/2013',303
'11/09/2013',326
'10/25/2015',640
'05/19/2015',484
'08/08/2015',881
'09/29/2010',288
'08/23/2014',745
'09/29/2015',401
'04/30/2014',154
'08/08/2013',247
'09/25/2015',724
'09/25/2013',373
'04/30/2013',219
'02/17/2014',177
'02/17/2011',176
'08/25/2010',220
'11/07/2014',265
'08/25/2013',497
'11/07/2013',252
'12/14/2013',238
'12/14/2014',366
'11/06/2015',741
'11/06/2013',285
'09/22/2010',236
'09/12/2011',295
'08/15/2013',425
'08/15/2010',228
'11/24/2011',153
'09/22/2013',383
'12/31/2014',192
'06/06/2013',284
'06/06/2014',555
'12/31/2012',117
'05/18/2011',152
'12/16/2013',165
'12/16/2010',129
'07/29/2013',203
'07/29/2010',199
'07/29/2015',381
'03/24/2011',113
'11/23/2010',211
'11/23/2013',344
'11/29/2013',142
'05/10/2010',186
'05/10/2015',1010
'08/21/2011',297
'08/26/2010',295
'08/26/2015',492
'02/28/2011',105
'07/13/2014',596
'08/14/2015',631
'10/07/2015',503
'07/22/2015',439
'10/07/2012',253
'09/05/2011',456
'09/21/2010',249
'01/30/2011',85
'02/28/2012',181
'04/03/2014',343
'01/30/2016',452
'07/10/2012',219
'11/24/2012',173
'07/10/2014',379
'04/05/2014',330
'04/05/2013',229
'03/28/2013',190
'08/04/2013',474
'08/04/2014',274
'04/06/2012',201
'04/06/2014',365
'01/10/2015',324
'01/10/2016',371
'01/10/2013',150
'07/25/2013',305
'07/25/2010',206
'05/16/2013',364
'05/16/2010',363
'05/16/2015',759
'06/05/2011',306
'05/06/2015',618
'06/05/2014',344
'05/06/2010',332
'09/24/2014',475
'09/24/2013',298
'08/11/2013',456
'03/30/2010',80
'08/11/2010',192
'03/30/2015',329
'08/11/2015',299
'02/25/2016',353
'10/14/2013',267
'02/25/2015',239
'02/25/2010',98
'09/06/2012',229
'05/13/2011',230
'10/04/2010',146
'09/06/2011',137
'05/13/2014',412
'10/27/2010',189
'09/06/2014',611
'09/27/2014',919
'10/14/2010',196
'02/26/2012',207
'01/18/2010',117
'02/26/2014',184
'07/15/2010',235
'07/15/2013',189
'12/29/2011',137
'08/05/2013',331
'02/09/2012',150
'12/29/2012',153
'01/13/2011',74
'08/05/2015',446
'05/24/2010',265
'12/02/2015',341
'01/04/2011',99
'12/02/2010',134
'09/10/2014',393
'09/10/2011',515
'09/10/2012',241
'07/05/2014',627
'07/05/2011',253
'08/10/2011',248
'07/05/2012',239
'12/01/2011',214
'02/07/2012',146
'02/07/2011',121
'01/14/2010',84
'01/14/2015',183
'01/14/2016',270
'02/06/2010',136
'10/02/2015',310
'01/09/2015',188
'05/21/2010',323
'06/17/2012',566
'10/29/2014',381
'10/29/2011',222
'09/27/2012',313
'08/28/2013',247
'01/31/2016',399
'08/28/2010',525
'01/31/2011',121
'08/28/2015',669
'01/16/2014',212
'12/18/2011',187
'01/16/2011',119
'12/24/2014',172
'05/22/2011',251
'03/05/2011',228
'02/23/2012',211
'02/23/2015',221
'12/25/2015',363
'02/24/2016',257
'12/25/2013',88
'07/06/2014',699
'08/02/2010',215
'07/06/2012',240
'11/01/2011',236
'06/29/2012',285
'06/29/2011',182
'04/24/2013',235
'04/24/2010',362
'10/10/2013',307
'08/02/2015',614
'04/24/2015',326
'10/10/2010',350
'03/07/2016',362
'03/07/2013',157
'01/23/2015',283
'03/07/2010',180
'02/14/2012',131
'02/14/2011',126
'02/14/2014',116
'06/08/2013',461
'06/08/2010',279
'02/10/2014',155
'06/08/2015',476
'04/21/2015',369
'12/04/2010',160
'07/01/2013',157
'12/04/2013',244
'07/01/2014',398
'10/31/2010',188
'04/07/2014',230
'09/02/2012',384
'09/02/2011',410
'06/25/2010',246
'04/17/2015',640
'03/01/2014',330
'01/29/2015',260
'06/03/2015',454
'06/03/2010',184
'12/15/2013',174
'07/03/2013',209
'07/03/2010',304
'09/04/2010',377
'10/06/2012',384
'09/04/2013',306
'10/06/2015',502
'06/16/2014',511
'06/17/2014',395
'04/03/2012',235
'06/20/2010',295
'03/27/2015',325
'03/04/2010',127
'03/27/2013',194
'10/11/2014',586
'06/04/2013',283
'06/04/2010',254
'04/14/2014',384
'12/06/2010',130
'04/14/2012',398
'11/10/2012',226
'10/02/2010',384
'09/22/2014',346
'10/02/2013',358
'01/29/2010',106
'11/26/2010',103
'11/10/2011',206
'03/25/2012',292
'10/05/2011',252
'09/07/2010',211
'05/12/2015',518
'10/05/2012',341
'09/07/2015',738
'05/12/2012',455
'06/16/2012',641
'01/02/2012',105
'10/09/2010',313
'01/02/2011',148
'12/18/2012',139
'02/09/2015',176
'12/28/2012',133
'11/02/2011',222
'11/13/2011',269
'11/02/2012',63
'01/01/2016',298
'10/15/2015',436
'12/28/2011',123
'10/15/2010',175
'10/15/2013',307
'09/28/2015',466
'05/29/2015',662
'05/29/2013',301
'04/25/2011',201
'06/01/2011',190
'07/21/2012',541
'03/29/2013',210
'03/29/2010',76
'11/18/2014',236
'12/13/2015',633
'11/18/2013',177
'06/24/2011',265
'06/24/2012',457
'10/16/2014',427
'06/15/2015',274
'07/08/2013',148
'01/24/2015',353
'01/24/2010',138
'07/08/2015',393
'01/25/2014',214
'01/25/2011',124
'01/01/2011',89
'01/25/2012',190
'08/06/2013',312
'04/19/2010',178
'08/06/2010',220
'02/01/2012',179
'02/01/2015',326
'07/18/2011',176
'03/10/2012',268
'11/09/2014',420
'04/19/2013',304
'09/08/2014',381
'10/21/2010',176
'11/04/2012',112
'06/27/2012',249
'04/27/2015',358
'06/27/2015',688
'11/04/2014',313
'04/26/2015',583
'12/13/2013',209
'11/15/2013',263
'04/26/2013',343
'06/19/2011',336
'11/16/2011',249
'06/19/2012',323
'01/04/2014',121
'08/01/2012',228
'05/25/2013',216
'05/25/2014',855
'01/07/2014',141
'06/21/2015',825
'06/21/2010',322
'12/22/2012',167
'08/01/2011',183
'12/22/2015',320
'08/07/2012',260
'08/07/2015',519
'06/22/2011',195
'07/31/2015',481
'10/18/2012',246
'07/31/2010',313
'01/15/2010',136
'11/24/2010',129
'03/06/2012',197
'03/06/2015',203
'01/21/2013',144
'08/20/2011',462
'04/30/2015',425
'04/30/2010',351
'01/21/2014',134
'02/18/2016',331
'10/22/2012',233
'09/09/2011',316
'10/22/2011',360
'10/22/2014',244
'04/28/2013',386
'04/28/2010',139
'05/23/2013',263
'10/28/2013',194
'05/23/2010',374
'02/18/2010',107
'05/23/2015',755
'03/02/2016',315
'05/15/2015',670
'03/02/2011',103
'05/15/2010',365
'11/27/2014',161
'01/06/2012',152
'11/27/2012',136
'08/02/2013',327
'05/02/2013',324
'03/05/2012',175
'09/11/2012',253
'07/20/2012',230
'05/02/2015',618
'03/09/2015',310
'12/09/2011',199
'02/10/2013',141
'03/09/2013',249
'09/30/2013',296
'05/26/2011',353
'09/15/2010',243
'09/30/2010',188
'05/26/2014',843
'09/30/2015',349
'02/13/2013',191
'02/02/2010',110
'02/13/2010',124
'02/02/2015',167
'02/13/2015',225
'02/02/2016',317
'11/20/2011',299
'11/20/2012',137
'03/15/2011',134
'12/28/2014',272
'07/23/2014',233
'12/21/2013',344
'05/07/2015',610
'07/19/2015',540
'07/21/2014',418
'07/19/2010',152
'05/07/2013',316
'07/19/2013',173
'12/11/2015',470
'12/11/2010',180
'11/05/2014',387
'02/18/2015',207
'01/06/2011',122
'11/05/2012',55
'07/12/2014',660
'07/12/2011',188
'08/03/2011',273
'07/12/2012',243
'05/04/2014',516
'12/12/2012',204
'06/10/2010',264
'07/23/2011',215
'12/21/2014',400
'05/04/2012',275
'07/23/2012',182
'11/08/2015',529
'05/28/2013',244
'11/03/2010',208
'11/08/2012',80
'07/28/2015',362
'07/28/2010',227
'07/28/2013',352
'04/02/2015',426
'04/02/2012',143
'07/09/2011',328
'11/17/2013',354
'08/30/2010',194
'07/09/2012',235
'12/19/2012',160
'03/21/2012',337
'12/19/2011',140
'02/04/2011',126
'01/10/2014',184
'02/04/2016',350
'04/23/2013',187
'11/17/2010',142
'04/23/2015',339
'02/16/2011',157
'04/11/2014',372
'02/16/2014',165
'01/13/2016',204
'04/11/2011',226
'01/22/2010',178
'10/26/2014',490
'01/22/2013',118
'10/26/2013',455
'01/22/2016',303
'09/23/2013',249
'07/30/2013',244
'09/23/2010',312
'08/22/2015',983
'03/18/2014',253
'08/22/2013',247
'02/24/2015',183
'12/27/2010',5
'02/24/2013',242
'10/20/2010',168
'04/18/2013',255
'01/19/2013',252
'07/16/2010',203
'12/17/2012',116
'07/16/2015',589
'12/17/2015',373
'03/08/2016',28
'03/08/2015',273
'03/08/2010',116
'12/08/2015',382
'12/08/2010',118
'09/11/2011',366
'04/12/2012',205
'04/12/2011',157
'04/12/2014',589
'03/22/2013',172
'03/22/2015',378
'12/12/2014',336
'07/14/2014',171
'12/03/2011',260
'07/14/2011',309
'12/03/2012',164
'10/19/2011',207
'09/17/2012',250
'10/19/2014',430
'09/17/2015',486
'06/30/2014',407
'11/22/2010',166
'06/30/2012',392
'10/24/2014',391
'08/09/2015',782
'10/24/2012',227
'02/27/2015',253
'02/27/2010',148
'02/27/2013',160
'10/23/2010',298
'10/23/2015',506
'12/24/2013',127
'01/09/2013',178
'10/13/2013',373
'01/09/2010',130
'04/17/2013',332
'10/13/2015',449
'03/21/2015',405
'06/18/2013',237
'06/18/2015',496
'11/15/2014',489
'02/20/2011',138
'01/28/2013',152
'02/20/2012',158
'01/28/2016',223
'04/07/2012',243
'01/28/2015',163
'09/13/2015',633
'12/23/2015',299
'09/13/2010',194
'12/23/2012',144
'09/13/2013',313
'09/14/2011',248
'05/27/2015',457
'09/14/2012',367
'05/27/2012',483
'01/11/2016',281
'05/03/2011',235
'01/11/2015',324
'10/16/2011',338
'09/18/2010',419
'01/11/2010',85
'10/16/2012',204
'02/05/2015',215
'02/05/2010',157
'11/22/2013',235
'02/05/2013',124
'02/22/2015',265
'05/03/2012',242
'02/22/2012',207
'05/01/2014',382
'07/26/2012',192
'01/12/2011',72
'07/26/2011',189
'08/18/2011',312
'07/26/2014',734
'12/07/2010',100
'02/08/2014',218
'12/07/2015',385
'09/26/2011',231
'02/08/2011',69
'02/03/2012',187
'02/03/2011',83
'02/03/2014',113
'09/01/2013',463
'10/03/2011',198
'09/01/2010',199
'09/01/2015',368
'06/11/2011',255
'01/19/2014',251
'06/11/2012',302
'12/26/2011',94
'04/13/2010',140
'12/05/2014',298
'04/13/2015',402
'12/05/2011',215
'06/02/2015',325
'10/21/2013',286
'10/28/2010',261
'06/02/2013',402
'11/30/2012',167
'11/30/2015',282
'01/30/2015',269
'12/20/2012',178
'12/20/2011',167
'12/20/2014',360
'06/09/2014',361
'03/26/2015',254
'01/24/2016',120
'06/09/2012',563
'03/28/2011',116
'08/31/2011',280
'11/01/2014',419
'08/31/2012',307
'03/26/2010',121
'07/04/2012',393
'07/04/2011',339
'04/22/2011',176
'03/28/2014',284
'03/25/2014',232
'04/22/2012',222
'11/21/2012',131
'01/27/2012',215
'10/12/2013',431
'11/21/2011',160
'10/12/2014',529
'11/21/2014',297
'01/27/2014',152
'07/07/2013',281
'03/20/2011',191
'07/07/2010',112
'03/20/2014',269
'07/07/2015',354
'05/10/2014',636
'01/17/2010',149
'08/29/2015',988
'01/17/2013',156
'08/29/2010',323
'01/17/2016',349
'08/29/2013',306
'04/16/2012',480
'04/16/2011',145
'01/08/2016',290
'01/08/2011',111
'08/17/2010',196
'08/17/2015',328
'04/15/2011',191
'07/11/2011',200
'10/11/2011',275
'11/11/2011',207
'01/03/2012',109
'02/29/2012',135
'03/19/2012',289
'03/19/2015',258
'01/12/2016',222
'05/05/2011',259
'06/12/2010',436
'11/16/2014',447
'06/12/2013',358
'03/24/2012',373
'04/10/2010',268
'10/17/2014',517
'09/19/2015',978
'10/17/2013',390
'09/19/2010',368
'05/28/2014',331
'03/23/2013',248
'03/23/2014',351
'03/13/2010',91
'04/10/2013',297
'11/28/2011',199
'06/28/2014',801
'04/09/2010',171
'11/28/2012',149
'06/28/2011',242
'10/14/2015',512
'06/28/2012',371
'01/29/2016',330
'11/19/2010',157
'07/02/2011',386
'07/13/2015',442
'07/02/2014',234
'04/21/2012',429
'05/20/2015',416
'01/23/2012',133
'05/20/2010',339
'08/13/2015',489
'08/16/2010',152
'11/12/2011',268
'08/13/2013',235
'05/11/2012',350
'05/11/2011',251
'05/11/2014',691
'07/30/2015',320
'03/16/2010',152
'10/01/2015',392
'09/28/2013',633
'08/24/2015',403
'09/03/2011',517
'08/24/2012',362
'10/01/2013',294
'09/03/2012',330
'07/17/2010',333
'07/22/2012',474
'01/07/2013',129
'12/15/2015',359
'03/18/2011',295
'07/22/2011',156
'03/03/2013',191
'01/30/2013',175
'03/03/2010',90
'03/03/2015',195
'05/14/2010',256
'06/26/2015',689
'11/14/2011',229
'06/26/2012',287
'01/26/2014',237
'07/27/2010',225
'07/27/2015',453
'01/26/2012',110
'04/03/2015',472
'01/05/2016',246
'01/05/2013',205
'12/27/2015',337
'01/05/2010',88
'05/17/2014',702
'06/07/2013',182
'05/17/2012',303
'06/07/2015',916
'04/18/2010',234
'03/10/2015',269
'01/20/2013',165
'01/20/2016',273
'01/20/2015',240
'09/16/2014',408
'10/20/2013',373
'05/09/2011',233
'08/27/2013',254
'10/18/2015',432
'08/27/2015',529
'03/12/2011',197
'02/21/2013',164
'03/12/2012',231
'02/21/2016',469
'02/21/2015',333
'09/16/2011',313
'05/30/2014',496
'05/30/2011',336
'03/11/2012',240
'05/08/2011',281
'05/08/2014',331
'06/14/2015',738
'06/14/2010',223
'03/11/2015',361
'09/03/2014',280
'12/30/2011',171
'12/27/2013',160
'02/11/2010',56
'07/20/2014',663
'08/19/2012',473
'08/19/2014',391
'07/24/2011',243
'07/24/2014',378
'03/17/2015',317
'03/17/2010',196
'05/31/2011',241
'04/01/2010',170
'05/31/2014',691
'03/31/2012',282
'03/14/2012',317
'03/31/2011',144
'11/09/2011',269
'04/27/2010',145
'02/28/2016',503
'12/10/2015',424
'12/10/2013',165
'02/19/2015',169
'02/19/2016',297
'06/13/2013',197
'02/19/2013',125
'06/13/2010',364
'06/23/2014',373
'06/23/2012',434
'02/12/2014',145
'02/12/2012',172
'11/11/2014',381
'04/08/2011',162
'10/30/2010',246
'04/08/2012',281
'10/30/2015',467
'05/01/2011',225
'04/04/2015',493
'09/20/2013',347
'11/25/2014',318
'11/25/2013',125
'04/04/2013',212
'09/20/2015',757
'01/03/2011',114
'12/08/2013',261
'03/01/2011',122
'03/01/2012',173
'11/26/2013',119
'12/18/2014',341
'11/11/2012',192
'04/20/2013',315
'11/26/2015',288
'04/20/2010',147
'02/15/2011',123
'04/29/2011',258
'08/12/2014',254
'02/15/2012',166
'04/29/2014',235
'08/12/2013',227
'09/08/2012',325
'10/25/2012',288
'05/19/2010',207
'12/13/2010',126
'10/25/2014',665
'08/08/2014',499
'09/29/2013',492
'08/23/2015',759
'08/08/2011',223
'09/29/2014',367
'08/23/2010',145
'08/08/2012',232
'09/25/2014',302
'10/08/2015',525
'09/25/2011',453
'09/25/2012',271
'02/17/2016',323
'02/17/2013',160
'10/08/2010',306
'02/17/2010',122
'08/25/2011',179
'11/07/2015',903
'08/25/2014',382
'11/07/2010',212
'12/14/2011',187
'12/14/2012',188
'11/14/2014',319
'11/06/2014',267
'11/06/2011',282
'11/06/2012',63
'09/12/2013',154
'08/15/2015',881
'09/12/2010',314
'08/15/2012',201
'09/12/2015',733
'12/03/2014',291
'01/03/2014',80
'03/24/2014',208
'06/06/2011',291
'12/31/2015',255
'06/06/2012',314
'12/31/2010',91
'12/31/2013',138
'12/16/2015',373
'12/16/2012',181
'05/18/2010',155
'07/29/2012',460
'05/09/2014',389
'07/29/2014',424
'11/23/2011',122
'11/23/2014',547
'08/21/2014',341
'05/18/2015',467
'05/10/2013',320
'11/29/2010',148
'08/21/2012',337
'08/26/2013',223
'08/26/2014',349
'08/14/2010',436
'08/14/2013',337
'07/13/2010',167
'02/28/2010',169
'10/07/2014',402
'09/05/2013',282
'10/07/2011',305
'09/05/2010',362
'11/14/2012',162
'09/21/2013',617
'01/30/2010',172
'09/21/2014',654
'01/06/2014',127
'02/28/2015',339
'07/10/2011',374
'03/31/2014',203
'06/15/2013',670
'03/14/2014',228
'04/05/2015',447
'04/05/2010',243
'08/04/2011',282
'08/04/2012',356
'04/06/2011',148
'09/22/2011',270
'01/10/2011',85
'01/10/2012',157
'07/25/2015',943
'07/25/2012',268
'05/16/2012',292
'08/09/2010',214
'05/16/2014',371
'06/05/2012',229
'05/06/2012',364
'06/05/2015',542
'05/06/2011',208
