date,amount
'01/01/2010',96
'01/02/2010',96
'01/03/2010',51
'01/04/2010',73
'01/05/2010',88
'01/06/2010',96
'01/07/2010',111
'01/08/2010',117
'01/09/2010',130
'01/10/2010',86
'01/11/2010',85
'01/12/2010',65
'01/13/2010',112
'01/14/2010',84
'01/15/2010',136
'01/16/2010',174
'01/17/2010',149
'01/18/2010',117
'01/19/2010',92
'01/20/2010',134
'01/21/2010',129
'01/22/2010',178
'01/23/2010',170
'01/24/2010',138
'01/25/2010',114
'01/26/2010',136
'01/27/2010',127
'01/28/2010',109
'01/29/2010',106
'01/30/2010',172
'01/31/2010',137
'02/01/2010',103
'02/02/2010',110
'02/03/2010',104
'02/04/2010',134
'02/05/2010',157
'02/06/2010',136
'02/07/2010',125
'02/08/2010',98
'02/09/2010',96
'02/10/2010',52
'02/11/2010',56
'02/12/2010',110
'02/13/2010',124
'02/14/2010',122
'02/15/2010',130
'02/16/2010',99
'02/17/2010',122
'02/18/2010',107
'02/19/2010',147
'02/20/2010',210
'02/21/2010',171
'02/22/2010',84
'02/23/2010',90
'02/24/2010',97
'02/25/2010',98
'02/26/2010',57
'02/27/2010',148
'02/28/2010',169
'03/01/2010',82
'03/02/2010',114
'03/03/2010',90
'03/04/2010',127
'03/05/2010',123
'03/06/2010',245
'03/07/2010',180
'03/08/2010',116
'03/09/2010',143
'03/10/2010',152
'03/11/2010',143
'03/12/2010',127
'03/13/2010',91
'03/14/2010',73
'03/15/2010',111
'03/16/2010',152
'03/17/2010',196
'03/18/2010',224
'03/19/2010',277
'03/20/2010',384
'03/21/2010',272
'03/22/2010',149
'03/23/2010',119
'03/24/2010',131
'03/25/2010',185
'03/26/2010',121
'03/27/2010',207
'03/28/2010',130
'03/29/2010',76
'03/30/2010',80
'03/31/2010',167
'04/01/2010',170
'04/02/2010',255
'04/03/2010',245
'04/04/2010',294
'04/05/2010',243
'04/06/2010',266
'04/07/2010',260
'04/08/2010',295
'04/09/2010',171
'04/10/2010',268
'04/11/2010',325
'04/12/2010',208
'04/13/2010',140
'04/14/2010',214
'04/15/2010',236
'04/16/2010',158
'04/17/2010',217
'04/18/2010',234
'04/19/2010',178
'04/20/2010',147
'04/21/2010',199
'04/22/2010',216
'04/23/2010',284
'04/24/2010',362
'04/25/2010',160
'04/26/2010',124
'04/27/2010',145
'04/28/2010',139
'04/29/2010',227
'04/30/2010',351
'05/01/2010',406
'05/02/2010',379
'05/03/2010',198
'05/04/2010',305
'05/05/2010',309
'05/06/2010',332
'05/07/2010',255
'05/08/2010',274
'05/09/2010',154
'05/10/2010',186
'05/11/2010',208
'05/12/2010',137
'05/13/2010',207
'05/14/2010',256
'05/15/2010',365
'05/16/2010',363
'05/17/2010',301
'05/18/2010',155
'05/19/2010',207
'05/20/2010',339
'05/21/2010',323
'05/22/2010',475
'05/23/2010',374
'05/24/2010',265
'05/25/2010',302
'05/26/2010',298
'05/27/2010',226
'05/28/2010',306
'05/29/2010',400
'05/30/2010',372
'05/31/2010',421
'06/01/2010',195
'06/02/2010',185
'06/03/2010',184
'06/04/2010',254
'06/05/2010',325
'06/06/2010',272
'06/07/2010',246
'06/08/2010',279
'06/09/2010',154
'06/10/2010',264
'06/11/2010',278
'06/12/2010',436
'06/13/2010',364
'06/14/2010',223
'06/15/2010',326
'06/16/2010',256
'06/17/2010',237
'06/18/2010',319
'06/19/2010',435
'06/20/2010',295
'06/21/2010',322
'06/22/2010',207
'06/23/2010',177
'06/24/2010',179
'06/25/2010',246
'06/26/2010',342
'06/27/2010',211
'06/28/2010',135
'06/29/2010',133
'06/30/2010',224
'07/01/2010',237
'07/02/2010',240
'07/03/2010',304
'07/04/2010',182
'07/05/2010',156
'07/06/2010',125
'07/07/2010',112
'07/08/2010',176
'07/09/2010',204
'07/10/2010',308
'07/11/2010',243
'07/12/2010',183
'07/13/2010',167
'07/14/2010',169
'07/15/2010',235
'07/16/2010',203
'07/17/2010',333
'07/18/2010',203
'07/19/2010',152
'07/20/2010',192
'07/21/2010',149
'07/22/2010',176
'07/23/2010',169
'07/24/2010',246
'07/25/2010',206
'07/26/2010',176
'07/27/2010',225
'07/28/2010',227
'07/29/2010',199
'07/30/2010',241
'07/31/2010',313
'08/01/2010',253
'08/02/2010',215
'08/03/2010',260
'08/04/2010',209
'08/05/2010',186
'08/06/2010',220
'08/07/2010',379
'08/08/2010',301
'08/09/2010',214
'08/10/2010',178
'08/11/2010',192
'08/12/2010',179
'08/13/2010',288
'08/14/2010',436
'08/15/2010',228
'08/16/2010',152
'08/17/2010',196
'08/18/2010',168
'08/19/2010',239
'08/20/2010',235
'08/21/2010',440
'08/22/2010',187
'08/23/2010',145
'08/24/2010',225
'08/25/2010',220
'08/26/2010',295
'08/27/2010',311
'08/28/2010',525
'08/29/2010',323
'08/30/2010',194
'08/31/2010',126
'09/01/2010',199
'09/02/2010',182
'09/03/2010',196
'09/04/2010',377
'09/05/2010',362
'09/06/2010',340
'09/07/2010',211
'09/08/2010',186
'09/09/2010',229
'09/10/2010',326
'09/11/2010',395
'09/12/2010',314
'09/13/2010',194
'09/14/2010',269
'09/15/2010',243
'09/16/2010',180
'09/17/2010',246
'09/18/2010',419
'09/19/2010',368
'09/20/2010',243
'09/21/2010',249
'09/22/2010',236
'09/23/2010',312
'09/24/2010',286
'09/25/2010',346
'09/26/2010',376
'09/27/2010',187
'09/28/2010',198
'09/29/2010',288
'09/30/2010',188
'10/01/2010',212
'10/02/2010',384
'10/03/2010',293
'10/04/2010',146
'10/05/2010',179
'10/06/2010',201
'10/07/2010',224
'10/08/2010',306
'10/09/2010',313
'10/10/2010',350
'10/11/2010',233
'10/12/2010',224
'10/13/2010',239
'10/14/2010',196
'10/15/2010',175
'10/16/2010',258
'10/17/2010',296
'10/18/2010',166
'10/19/2010',200
'10/20/2010',168
'10/21/2010',176
'10/22/2010',181
'10/23/2010',298
'10/24/2010',321
'10/25/2010',232
'10/26/2010',247
'10/27/2010',189
'10/28/2010',261
'10/29/2010',211
'10/30/2010',246
'10/31/2010',188
'11/01/2010',106
'11/02/2010',182
'11/03/2010',208
'11/04/2010',154
'11/05/2010',179
'11/06/2010',235
'11/07/2010',212
'11/08/2010',125
'11/09/2010',197
'11/10/2010',180
'11/11/2010',141
'11/12/2010',204
'11/13/2010',343
'11/14/2010',231
'11/15/2010',189
'11/16/2010',158
'11/17/2010',142
'11/18/2010',171
'11/19/2010',157
'11/20/2010',212
'11/21/2010',188
'11/22/2010',166
'11/23/2010',211
'11/24/2010',129
'11/25/2010',101
'11/26/2010',103
'11/27/2010',129
'11/28/2010',146
'11/29/2010',148
'11/30/2010',135
'12/01/2010',121
'12/02/2010',134
'12/03/2010',138
'12/04/2010',160
'12/05/2010',148
'12/06/2010',130
'12/07/2010',100
'12/08/2010',118
'12/09/2010',106
'12/10/2010',163
'12/11/2010',180
'12/12/2010',165
'12/13/2010',126
'12/14/2010',116
'12/15/2010',99
'12/16/2010',129
'12/17/2010',154
'12/18/2010',160
'12/19/2010',168
'12/20/2010',109
'12/21/2010',104
'12/22/2010',106
'12/23/2010',112
'12/24/2010',89
'12/25/2010',64
'12/26/2010',38
'12/27/2010',5
'12/28/2010',20
'12/29/2010',45
'12/30/2010',78
'12/31/2010',91
'01/01/2011',89
'01/02/2011',148
'01/03/2011',114
'01/04/2011',99
'01/05/2011',135
'01/06/2011',122
'01/07/2011',117
'01/08/2011',111
'01/09/2011',111
'01/10/2011',85
'01/11/2011',76
'01/12/2011',72
'01/13/2011',74
'01/14/2011',93
'01/15/2011',126
'01/16/2011',119
'01/17/2011',121
'01/18/2011',100
'01/19/2011',103
'01/20/2011',149
'01/21/2011',96
'01/22/2011',116
'01/23/2011',99
'01/24/2011',91
'01/25/2011',124
'01/26/2011',79
'01/27/2011',73
'01/28/2011',89
'01/29/2011',117
'01/30/2011',85
'01/31/2011',121
'02/01/2011',102
'02/02/2011',77
'02/03/2011',83
'02/04/2011',126
'02/05/2011',111
'02/06/2011',98
'02/07/2011',121
'02/08/2011',69
'02/09/2011',90
'02/10/2011',104
'02/11/2011',122
'02/12/2011',158
'02/13/2011',134
'02/14/2011',126
'02/15/2011',123
'02/16/2011',157
'02/17/2011',176
'02/18/2011',184
'02/19/2011',111
'02/20/2011',138
'02/21/2011',115
'02/22/2011',96
'02/23/2011',103
'02/24/2011',130
'02/25/2011',110
'02/26/2011',171
'02/27/2011',177
'02/28/2011',105
'03/01/2011',122
'03/02/2011',103
'03/03/2011',122
'03/04/2011',139
'03/05/2011',228
'03/06/2011',149
'03/07/2011',110
'03/08/2011',139
'03/09/2011',112
'03/10/2011',105
'03/11/2011',154
'03/12/2011',197
'03/13/2011',133
'03/14/2011',133
'03/15/2011',134
'03/16/2011',146
'03/17/2011',208
'03/18/2011',295
'03/19/2011',203
'03/20/2011',191
'03/21/2011',125
'03/22/2011',129
'03/23/2011',106
'03/24/2011',113
'03/25/2011',153
'03/26/2011',155
'03/27/2011',138
'03/28/2011',116
'03/29/2011',103
'03/30/2011',143
'03/31/2011',144
'04/01/2011',143
'04/02/2011',200
'04/03/2011',176
'04/04/2011',161
'04/05/2011',154
'04/06/2011',148
'04/07/2011',176
'04/08/2011',162
'04/09/2011',253
'04/10/2011',162
'04/11/2011',226
'04/12/2011',157
'04/13/2011',135
'04/14/2011',251
'04/15/2011',191
'04/16/2011',145
'04/17/2011',173
'04/18/2011',190
'04/19/2011',167
'04/20/2011',184
'04/21/2011',181
'04/22/2011',176
'04/23/2011',136
'04/24/2011',205
'04/25/2011',201
'04/26/2011',307
'04/27/2011',256
'04/28/2011',218
'04/29/2011',258
'04/30/2011',283
'05/01/2011',225
'05/02/2011',216
'05/03/2011',235
'05/04/2011',190
'05/05/2011',259
'05/06/2011',208
'05/07/2011',316
'05/08/2011',281
'05/09/2011',233
'05/10/2011',239
'05/11/2011',251
'05/12/2011',246
'05/13/2011',230
'05/14/2011',358
'05/15/2011',222
'05/16/2011',210
'05/17/2011',180
'05/18/2011',152
'05/19/2011',155
'05/20/2011',358
'05/21/2011',439
'05/22/2011',251
'05/23/2011',203
'05/24/2011',293
'05/25/2011',322
'05/26/2011',353
'05/27/2011',335
'05/28/2011',349
'05/29/2011',269
'05/30/2011',336
'05/31/2011',241
'06/01/2011',190
'06/02/2011',217
'06/03/2011',270
'06/04/2011',381
'06/05/2011',306
'06/06/2011',291
'06/07/2011',269
'06/08/2011',211
'06/09/2011',122
'06/10/2011',201
'06/11/2011',255
'06/12/2011',265
'06/13/2011',237
'06/14/2011',209
'06/15/2011',286
'06/16/2011',324
'06/17/2011',207
'06/18/2011',384
'06/19/2011',336
'06/20/2011',274
'06/21/2011',423
'06/22/2011',195
'06/23/2011',189
'06/24/2011',265
'06/25/2011',414
'06/26/2011',317
'06/27/2011',263
'06/28/2011',242
'06/29/2011',182
'06/30/2011',266
'07/01/2011',269
'07/02/2011',386
'07/03/2011',285
'07/04/2011',339
'07/05/2011',253
'07/06/2011',166
'07/07/2011',257
'07/08/2011',177
'07/09/2011',328
'07/10/2011',374
'07/11/2011',200
'07/12/2011',188
'07/13/2011',228
'07/14/2011',309
'07/15/2011',289
'07/16/2011',454
'07/17/2011',341
'07/18/2011',176
'07/19/2011',217
'07/20/2011',187
'07/21/2011',158
'07/22/2011',156
'07/23/2011',215
'07/24/2011',243
'07/25/2011',201
'07/26/2011',189
'07/27/2011',219
'07/28/2011',270
'07/29/2011',214
'07/30/2011',355
'07/31/2011',333
'08/01/2011',183
'08/02/2011',250
'08/03/2011',273
'08/04/2011',282
'08/05/2011',319
'08/06/2011',433
'08/07/2011',262
'08/08/2011',223
'08/09/2011',185
'08/10/2011',248
'08/11/2011',318
'08/12/2011',407
'08/13/2011',503
'08/14/2011',212
'08/15/2011',211
'08/16/2011',319
'08/17/2011',344
'08/18/2011',312
'08/19/2011',297
'08/20/2011',462
'08/21/2011',297
'08/22/2011',257
'08/23/2011',215
'08/24/2011',296
'08/25/2011',179
'08/26/2011',94
'08/27/2011',82
'08/28/2011',41
'08/29/2011',182
'08/30/2011',312
'08/31/2011',280
'09/01/2011',409
'09/02/2011',410
'09/03/2011',517
'09/04/2011',484
'09/05/2011',456
'09/06/2011',137
'09/07/2011',141
'09/08/2011',230
'09/09/2011',316
'09/10/2011',515
'09/11/2011',366
'09/12/2011',295
'09/13/2011',278
'09/14/2011',248
'09/15/2011',227
'09/16/2011',313
'09/17/2011',552
'09/18/2011',483
'09/19/2011',251
'09/20/2011',260
'09/21/2011',256
'09/22/2011',270
'09/23/2011',384
'09/24/2011',400
'09/25/2011',453
'09/26/2011',231
'09/27/2011',266
'09/28/2011',222
'09/29/2011',255
'09/30/2011',274
'10/01/2011',331
'10/02/2011',310
'10/03/2011',198
'10/04/2011',206
'10/05/2011',252
'10/06/2011',268
'10/07/2011',305
'10/08/2011',429
'10/09/2011',425
'10/10/2011',336
'10/11/2011',275
'10/12/2011',239
'10/13/2011',192
'10/14/2011',240
'10/15/2011',360
'10/16/2011',338
'10/17/2011',221
'10/18/2011',302
'10/19/2011',207
'10/20/2011',280
'10/21/2011',274
'10/22/2011',360
'10/23/2011',336
'10/24/2011',194
'10/25/2011',213
'10/26/2011',248
'10/27/2011',200
'10/28/2011',228
'10/29/2011',222
'10/30/2011',180
'10/31/2011',235
'11/01/2011',236
'11/02/2011',222
'11/03/2011',213
'11/04/2011',212
'11/05/2011',277
'11/06/2011',282
'11/07/2011',164
'11/08/2011',224
'11/09/2011',269
'11/10/2011',206
'11/11/2011',207
'11/12/2011',268
'11/13/2011',269
'11/14/2011',229
'11/15/2011',344
'11/16/2011',249
'11/17/2011',212
'11/18/2011',211
'11/19/2011',335
'11/20/2011',299
'11/21/2011',160
'11/22/2011',134
'11/23/2011',122
'11/24/2011',153
'11/25/2011',165
'11/26/2011',306
'11/27/2011',247
'11/28/2011',199
'11/29/2011',183
'11/30/2011',160
'12/01/2011',214
'12/02/2011',187
'12/03/2011',260
'12/04/2011',259
'12/05/2011',215
'12/06/2011',159
'12/07/2011',212
'12/08/2011',156
'12/09/2011',199
'12/10/2011',298
'12/11/2011',220
'12/12/2011',166
'12/13/2011',128
'12/14/2011',187
'12/15/2011',209
'12/16/2011',212
'12/17/2011',252
'12/18/2011',187
'12/19/2011',140
'12/20/2011',167
'12/21/2011',129
'12/22/2011',180
'12/23/2011',129
'12/24/2011',155
'12/25/2011',134
'12/26/2011',94
'12/27/2011',87
'12/28/2011',123
'12/29/2011',137
'12/30/2011',171
'12/31/2011',227
'01/01/2012',182
'01/02/2012',105
'01/03/2012',109
'01/04/2012',102
'01/05/2012',110
'01/06/2012',152
'01/07/2012',269
'01/08/2012',178
'01/09/2012',157
'01/10/2012',157
'01/11/2012',130
'01/12/2012',150
'01/13/2012',171
'01/14/2012',200
'01/15/2012',174
'01/16/2012',133
'01/17/2012',138
'01/18/2012',151
'01/19/2012',151
'01/20/2012',156
'01/21/2012',172
'01/22/2012',185
'01/23/2012',133
'01/24/2012',188
'01/25/2012',190
'01/26/2012',110
'01/27/2012',215
'01/28/2012',259
'01/29/2012',209
'01/30/2012',108
'01/31/2012',151
'02/01/2012',179
'02/02/2012',172
'02/03/2012',187
'02/04/2012',247
'02/05/2012',234
'02/06/2012',133
'02/07/2012',146
'02/08/2012',173
'02/09/2012',150
'02/10/2012',167
'02/11/2012',224
'02/12/2012',172
'02/13/2012',98
'02/14/2012',131
'02/15/2012',166
'02/16/2012',148
'02/17/2012',194
'02/18/2012',275
'02/19/2012',245
'02/20/2012',158
'02/21/2012',180
'02/22/2012',207
'02/23/2012',211
'02/24/2012',170
'02/25/2012',215
'02/26/2012',207
'02/27/2012',136
'02/28/2012',181
'02/29/2012',135
'03/01/2012',173
'03/02/2012',172
'03/03/2012',240
'03/04/2012',219
'03/05/2012',175
'03/06/2012',197
'03/07/2012',220
'03/08/2012',293
'03/09/2012',226
'03/10/2012',268
'03/11/2012',240
'03/12/2012',231
'03/13/2012',292
'03/14/2012',317
'03/15/2012',216
'03/16/2012',206
'03/17/2012',315
'03/18/2012',325
'03/19/2012',289
'03/20/2012',290
'03/21/2012',337
'03/22/2012',368
'03/23/2012',360
'03/24/2012',373
'03/25/2012',292
'03/26/2012',188
'03/27/2012',173
'03/28/2012',251
'03/29/2012',212
'03/30/2012',185
'03/31/2012',282
'04/01/2012',265
'04/02/2012',143
'04/03/2012',235
'04/04/2012',229
'04/05/2012',156
'04/06/2012',201
'04/07/2012',243
'04/08/2012',281
'04/09/2012',178
'04/10/2012',185
'04/11/2012',202
'04/12/2012',205
'04/13/2012',321
'04/14/2012',398
'04/15/2012',518
'04/16/2012',480
'04/17/2012',327
'04/18/2012',252
'04/19/2012',283
'04/20/2012',327
'04/21/2012',429
'04/22/2012',222
'04/23/2012',137
'04/24/2012',229
'04/25/2012',248
'04/26/2012',217
'04/27/2012',196
'04/28/2012',326
'04/29/2012',294
'04/30/2012',177
'05/01/2012',261
'05/02/2012',178
'05/03/2012',242
'05/04/2012',275
'05/05/2012',418
'05/06/2012',364
'05/07/2012',265
'05/08/2012',233
'05/09/2012',223
'05/10/2012',270
'05/11/2012',350
'05/12/2012',455
'05/13/2012',535
'05/14/2012',334
'05/15/2012',252
'05/16/2012',292
'05/17/2012',303
'05/18/2012',443
'05/19/2012',526
'05/20/2012',509
'05/21/2012',230
'05/22/2012',208
'05/23/2012',376
'05/24/2012',250
'05/25/2012',402
'05/26/2012',498
'05/27/2012',483
'05/28/2012',490
'05/29/2012',269
'05/30/2012',250
'05/31/2012',294
'06/01/2012',278
'06/02/2012',382
'06/03/2012',405
'06/04/2012',219
'06/05/2012',229
'06/06/2012',314
'06/07/2012',353
'06/08/2012',404
'06/09/2012',563
'06/10/2012',510
'06/11/2012',302
'06/12/2012',205
'06/13/2012',260
'06/14/2012',377
'06/15/2012',403
'06/16/2012',641
'06/17/2012',566
'06/18/2012',293
'06/19/2012',323
'06/20/2012',250
'06/21/2012',297
'06/22/2012',206
'06/23/2012',434
'06/24/2012',457
'06/25/2012',201
'06/26/2012',287
'06/27/2012',249
'06/28/2012',371
'06/29/2012',285
'06/30/2012',392
'07/01/2012',324
'07/02/2012',203
'07/03/2012',296
'07/04/2012',393
'07/05/2012',239
'07/06/2012',240
'07/07/2012',337
'07/08/2012',291
'07/09/2012',235
'07/10/2012',219
'07/11/2012',278
'07/12/2012',243
'07/13/2012',257
'07/14/2012',392
'07/15/2012',315
'07/16/2012',158
'07/17/2012',203
'07/18/2012',138
'07/19/2012',260
'07/20/2012',230
'07/21/2012',541
'07/22/2012',474
'07/23/2012',182
'07/24/2012',259
'07/25/2012',268
'07/26/2012',192
'07/27/2012',204
'07/28/2012',363
'07/29/2012',460
'07/30/2012',240
'07/31/2012',265
'08/01/2012',228
'08/02/2012',218
'08/03/2012',269
'08/04/2012',356
'08/05/2012',258
'08/06/2012',196
'08/07/2012',260
'08/08/2012',232
'08/09/2012',213
'08/10/2012',212
'08/11/2012',384
'08/12/2012',459
'08/13/2012',243
'08/14/2012',254
'08/15/2012',201
'08/16/2012',170
'08/17/2012',315
'08/18/2012',470
'08/19/2012',473
'08/20/2012',277
'08/21/2012',337
'08/22/2012',267
'08/23/2012',308
'08/24/2012',362
'08/25/2012',540
'08/26/2012',470
'08/27/2012',208
'08/28/2012',213
'08/29/2012',276
'08/30/2012',301
'08/31/2012',307
'09/01/2012',404
'09/02/2012',384
'09/03/2012',330
'09/04/2012',167
'09/05/2012',152
'09/06/2012',229
'09/07/2012',256
'09/08/2012',325
'09/09/2012',317
'09/10/2012',241
'09/11/2012',253
'09/12/2012',343
'09/13/2012',355
'09/14/2012',367
'09/15/2012',533
'09/16/2012',467
'09/17/2012',250
'09/18/2012',138
'09/19/2012',233
'09/20/2012',267
'09/21/2012',373
'09/22/2012',500
'09/23/2012',400
'09/24/2012',258
'09/25/2012',271
'09/26/2012',248
'09/27/2012',313
'09/28/2012',299
'09/29/2012',552
'09/30/2012',430
'10/01/2012',239
'10/02/2012',201
'10/03/2012',261
'10/04/2012',275
'10/05/2012',341
'10/06/2012',384
'10/07/2012',253
'10/08/2012',207
'10/09/2012',173
'10/10/2012',240
'10/11/2012',230
'10/12/2012',217
'10/13/2012',299
'10/14/2012',272
'10/15/2012',164
'10/16/2012',204
'10/17/2012',272
'10/18/2012',246
'10/19/2012',252
'10/20/2012',453
'10/21/2012',257
'10/22/2012',233
'10/23/2012',249
'10/24/2012',227
'10/25/2012',288
'10/26/2012',356
'10/27/2012',482
'10/28/2012',190
'10/29/2012',46
'10/30/2012',13
'10/31/2012',23
'11/01/2012',55
'11/02/2012',63
'11/03/2012',100
'11/04/2012',112
'11/05/2012',55
'11/06/2012',63
'11/07/2012',67
'11/08/2012',80
'11/09/2012',124
'11/10/2012',226
'11/11/2012',192
'11/12/2012',169
'11/13/2012',119
'11/14/2012',162
'11/15/2012',162
'11/16/2012',170
'11/17/2012',218
'11/18/2012',173
'11/19/2012',148
'11/20/2012',137
'11/21/2012',131
'11/22/2012',147
'11/23/2012',141
'11/24/2012',173
'11/25/2012',131
'11/26/2012',118
'11/27/2012',136
'11/28/2012',149
'11/29/2012',166
'11/30/2012',167
'12/01/2012',222
'12/02/2012',208
'12/03/2012',164
'12/04/2012',163
'12/05/2012',177
'12/06/2012',163
'12/07/2012',175
'12/08/2012',255
'12/09/2012',170
'12/10/2012',147
'12/11/2012',177
'12/12/2012',204
'12/13/2012',189
'12/14/2012',188
'12/15/2012',265
'12/16/2012',181
'12/17/2012',116
'12/18/2012',139
'12/19/2012',160
'12/20/2012',178
'12/21/2012',142
'12/22/2012',167
'12/23/2012',144
'12/24/2012',112
'12/25/2012',49
'12/26/2012',89
'12/27/2012',97
'12/28/2012',133
'12/29/2012',153
'12/30/2012',162
'12/31/2012',117
'01/01/2013',91
'01/02/2013',125
'01/03/2013',135
'01/04/2013',123
'01/05/2013',205
'01/06/2013',150
'01/07/2013',129
'01/08/2013',132
'01/09/2013',178
'01/10/2013',150
'01/11/2013',125
'01/12/2013',241
'01/13/2013',232
'01/14/2013',142
'01/15/2013',120
'01/16/2013',143
'01/17/2013',156
'01/18/2013',166
'01/19/2013',252
'01/20/2013',165
'01/21/2013',144
'01/22/2013',118
'01/23/2013',126
'01/24/2013',145
'01/25/2013',159
'01/26/2013',153
'01/27/2013',186
'01/28/2013',152
'01/29/2013',144
'01/30/2013',175
'01/31/2013',184
'02/01/2013',175
'02/02/2013',200
'02/03/2013',170
'02/04/2013',129
'02/05/2013',124
'02/06/2013',143
'02/07/2013',150
'02/08/2013',137
'02/09/2013',115
'02/10/2013',141
'02/11/2013',113
'02/12/2013',178
'02/13/2013',191
'02/14/2013',202
'02/15/2013',217
'02/16/2013',217
'02/17/2013',160
'02/18/2013',127
'02/19/2013',125
'02/20/2013',156
'02/21/2013',164
'02/22/2013',166
'02/23/2013',249
'02/24/2013',242
'02/25/2013',162
'02/26/2013',142
'02/27/2013',160
'02/28/2013',202
'03/01/2013',169
'03/02/2013',212
'03/03/2013',191
'03/04/2013',125
'03/05/2013',130
'03/06/2013',154
'03/07/2013',157
'03/08/2013',149
'03/09/2013',249
'03/10/2013',273
'03/11/2013',215
'03/12/2013',152
'03/13/2013',182
'03/14/2013',155
'03/15/2013',227
'03/16/2013',270
'03/17/2013',245
'03/18/2013',118
'03/19/2013',132
'03/20/2013',162
'03/21/2013',184
'03/22/2013',172
'03/23/2013',248
'03/24/2013',234
'03/25/2013',124
'03/26/2013',156
'03/27/2013',194
'03/28/2013',190
'03/29/2013',210
'03/30/2013',285
'03/31/2013',207
'04/01/2013',171
'04/02/2013',125
'04/03/2013',181
'04/04/2013',212
'04/05/2013',229
'04/06/2013',299
'04/07/2013',276
'04/08/2013',257
'04/09/2013',316
'04/10/2013',297
'04/11/2013',213
'04/12/2013',195
'04/13/2013',340
'04/14/2013',302
'04/15/2013',268
'04/16/2013',246
'04/17/2013',332
'04/18/2013',255
'04/19/2013',304
'04/20/2013',315
'04/21/2013',273
'04/22/2013',213
'04/23/2013',187
'04/24/2013',235
'04/25/2013',253
'04/26/2013',343
'04/27/2013',448
'04/28/2013',386
'04/29/2013',195
'04/30/2013',219
'05/01/2013',268
'05/02/2013',324
'05/03/2013',309
'05/04/2013',402
'05/05/2013',343
'05/06/2013',273
'05/07/2013',316
'05/08/2013',221
'05/09/2013',291
'05/10/2013',320
'05/11/2013',433
'05/12/2013',379
'05/13/2013',227
'05/14/2013',237
'05/15/2013',249
'05/16/2013',364
'05/17/2013',450
'05/18/2013',552
'05/19/2013',303
'05/20/2013',293
'05/21/2013',436
'05/22/2013',357
'05/23/2013',263
'05/24/2013',173
'05/25/2013',216
'05/26/2013',352
'05/27/2013',551
'05/28/2013',244
'05/29/2013',301
'05/30/2013',362
'05/31/2013',366
'06/01/2013',507
'06/02/2013',402
'06/03/2013',151
'06/04/2013',283
'06/05/2013',384
'06/06/2013',284
'06/07/2013',182
'06/08/2013',461
'06/09/2013',715
'06/10/2013',218
'06/11/2013',264
'06/12/2013',358
'06/13/2013',197
'06/14/2013',288
'06/15/2013',670
'06/16/2013',648
'06/17/2013',320
'06/18/2013',237
'06/19/2013',343
'06/20/2013',370
'06/21/2013',511
'06/22/2013',598
'06/23/2013',479
'06/24/2013',262
'06/25/2013',234
'06/26/2013',252
'06/27/2013',199
'06/28/2013',241
'06/29/2013',472
'06/30/2013',350
'07/01/2013',157
'07/02/2013',179
'07/03/2013',209
'07/04/2013',351
'07/05/2013',244
'07/06/2013',332
'07/07/2013',281
'07/08/2013',148
'07/09/2013',165
'07/10/2013',178
'07/11/2013',225
'07/12/2013',224
'07/13/2013',415
'07/14/2013',359
'07/15/2013',189
'07/16/2013',191
'07/17/2013',227
'07/18/2013',213
'07/19/2013',173
'07/20/2013',287
'07/21/2013',352
'07/22/2013',193
'07/23/2013',168
'07/24/2013',224
'07/25/2013',305
'07/26/2013',372
'07/27/2013',559
'07/28/2013',352
'07/29/2013',203
'07/30/2013',244
'07/31/2013',294
'08/01/2013',185
'08/02/2013',327
'08/03/2013',518
'08/04/2013',474
'08/05/2013',331
'08/06/2013',312
'08/07/2013',292
'08/08/2013',247
'08/09/2013',211
'08/10/2013',509
'08/11/2013',456
'08/12/2013',227
'08/13/2013',235
'08/14/2013',337
'08/15/2013',425
'08/16/2013',474
'08/17/2013',654
'08/18/2013',458
'08/19/2013',282
'08/20/2013',288
'08/21/2013',296
'08/22/2013',247
'08/23/2013',348
'08/24/2013',671
'08/25/2013',497
'08/26/2013',223
'08/27/2013',254
'08/28/2013',247
'08/29/2013',306
'08/30/2013',379
'08/31/2013',481
'09/01/2013',463
'09/02/2013',284
'09/03/2013',266
'09/04/2013',306
'09/05/2013',282
'09/06/2013',369
'09/07/2013',621
'09/08/2013',510
'09/09/2013',286
'09/10/2013',308
'09/11/2013',234
'09/12/2013',154
'09/13/2013',313
'09/14/2013',474
'09/15/2013',468
'09/16/2013',241
'09/17/2013',244
'09/18/2013',307
'09/19/2013',192
'09/20/2013',347
'09/21/2013',617
'09/22/2013',383
'09/23/2013',249
'09/24/2013',298
'09/25/2013',373
'09/26/2013',348
'09/27/2013',366
'09/28/2013',633
'09/29/2013',492
'09/30/2013',296
'10/01/2013',294
'10/02/2013',358
'10/03/2013',371
'10/04/2013',361
'10/05/2013',539
'10/06/2013',383
'10/07/2013',259
'10/08/2013',296
'10/09/2013',352
'10/10/2013',307
'10/11/2013',307
'10/12/2013',431
'10/13/2013',373
'10/14/2013',267
'10/15/2013',307
'10/16/2013',326
'10/17/2013',390
'10/18/2013',393
'10/19/2013',500
'10/20/2013',373
'10/21/2013',286
'10/22/2013',243
'10/23/2013',309
'10/24/2013',247
'10/25/2013',234
'10/26/2013',455
'10/27/2013',363
'10/28/2013',194
'10/29/2013',203
'10/30/2013',290
'10/31/2013',339
'11/01/2013',326
'11/02/2013',514
'11/03/2013',331
'11/04/2013',178
'11/05/2013',250
'11/06/2013',285
'11/07/2013',252
'11/08/2013',266
'11/09/2013',326
'11/10/2013',343
'11/11/2013',205
'11/12/2013',146
'11/13/2013',191
'11/14/2013',199
'11/15/2013',263
'11/16/2013',425
'11/17/2013',354
'11/18/2013',177
'11/19/2013',184
'11/20/2013',188
'11/21/2013',250
'11/22/2013',235
'11/23/2013',344
'11/24/2013',226
'11/25/2013',125
'11/26/2013',119
'11/27/2013',108
'11/28/2013',113
'11/29/2013',142
'11/30/2013',218
'12/01/2013',265
'12/02/2013',178
'12/03/2013',218
'12/04/2013',244
'12/05/2013',252
'12/06/2013',223
'12/07/2013',298
'12/08/2013',261
'12/09/2013',134
'12/10/2013',165
'12/11/2013',171
'12/12/2013',194
'12/13/2013',209
'12/14/2013',238
'12/15/2013',174
'12/16/2013',165
'12/17/2013',152
'12/18/2013',151
'12/19/2013',174
'12/20/2013',227
'12/21/2013',344
'12/22/2013',301
'12/23/2013',156
'12/24/2013',127
'12/25/2013',88
'12/26/2013',91
'12/27/2013',160
'12/28/2013',214
'12/29/2013',144
'12/30/2013',161
'12/31/2013',138
'01/01/2014',151
'01/02/2014',86
'01/03/2014',80
'01/04/2014',121
'01/05/2014',177
'01/06/2014',127
'01/07/2014',141
'01/08/2014',148
'01/09/2014',144
'01/10/2014',184
'01/11/2014',238
'01/12/2014',277
'01/13/2014',199
'01/14/2014',189
'01/15/2014',204
'01/16/2014',212
'01/17/2014',210
'01/18/2014',307
'01/19/2014',251
'01/20/2014',228
'01/21/2014',134
'01/22/2014',80
'01/23/2014',105
'01/24/2014',132
'01/25/2014',214
'01/26/2014',237
'01/27/2014',152
'01/28/2014',160
'01/29/2014',177
'01/30/2014',187
'01/31/2014',203
'02/01/2014',370
'02/02/2014',297
'02/03/2014',113
'02/04/2014',142
'02/05/2014',120
'02/06/2014',113
'02/07/2014',183
'02/08/2014',218
'02/09/2014',220
'02/10/2014',155
'02/11/2014',151
'02/12/2014',145
'02/13/2014',103
'02/14/2014',116
'02/15/2014',238
'02/16/2014',165
'02/17/2014',177
'02/18/2014',173
'02/19/2014',158
'02/20/2014',152
'02/21/2014',248
'02/22/2014',328
'02/23/2014',282
'02/24/2014',155
'02/25/2014',171
'02/26/2014',184
'02/27/2014',189
'02/28/2014',274
'03/01/2014',330
'03/02/2014',270
'03/03/2014',142
'03/04/2014',197
'03/05/2014',181
'03/06/2014',194
'03/07/2014',246
'03/08/2014',355
'03/09/2014',271
'03/10/2014',208
'03/11/2014',326
'03/12/2014',272
'03/13/2014',183
'03/14/2014',228
'03/15/2014',433
'03/16/2014',396
'03/17/2014',230
'03/18/2014',253
'03/19/2014',219
'03/20/2014',269
'03/21/2014',288
'03/22/2014',420
'03/23/2014',351
'03/24/2014',208
'03/25/2014',232
'03/26/2014',223
'03/27/2014',265
'03/28/2014',284
'03/29/2014',379
'03/30/2014',249
'03/31/2014',203
'04/01/2014',315
'04/02/2014',353
'04/03/2014',343
'04/04/2014',250
'04/05/2014',330
'04/06/2014',365
'04/07/2014',230
'04/08/2014',318
'04/09/2014',290
'04/10/2014',337
'04/11/2014',372
'04/12/2014',589
'04/13/2014',584
'04/14/2014',384
'04/15/2014',232
'04/16/2014',219
'04/17/2014',260
'04/18/2014',288
'04/19/2014',451
'04/20/2014',371
'04/21/2014',286
'04/22/2014',314
'04/23/2014',284
'04/24/2014',289
'04/25/2014',292
'04/26/2014',474
'04/27/2014',427
'04/28/2014',310
'04/29/2014',235
'04/30/2014',154
'05/01/2014',382
'05/02/2014',483
'05/03/2014',640
'05/04/2014',516
'05/05/2014',334
'05/06/2014',338
'05/07/2014',353
'05/08/2014',331
'05/09/2014',389
'05/10/2014',636
'05/11/2014',691
'05/12/2014',526
'05/13/2014',412
'05/14/2014',390
'05/15/2014',290
'05/16/2014',371
'05/17/2014',702
'05/18/2014',700
'05/19/2014',341
'05/20/2014',473
'05/21/2014',501
'05/22/2014',344
'05/23/2014',357
'05/24/2014',502
'05/25/2014',855
'05/26/2014',843
'05/27/2014',394
'05/28/2014',331
'05/29/2014',359
'05/30/2014',496
'05/31/2014',691
'06/01/2014',803
'06/02/2014',485
'06/03/2014',434
'06/04/2014',444
'06/05/2014',344
'06/06/2014',555
'06/07/2014',867
'06/08/2014',822
'06/09/2014',361
'06/10/2014',463
'06/11/2014',414
'06/12/2014',361
'06/13/2014',344
'06/14/2014',739
'06/15/2014',829
'06/16/2014',511
'06/17/2014',395
'06/18/2014',343
'06/19/2014',348
'06/20/2014',575
'06/21/2014',957
'06/22/2014',812
'06/23/2014',373
'06/24/2014',454
'06/25/2014',358
'06/26/2014',370
'06/27/2014',520
'06/28/2014',801
'06/29/2014',658
'06/30/2014',407
'07/01/2014',398
'07/02/2014',234
'07/03/2014',206
'07/04/2014',383
'07/05/2014',627
'07/06/2014',699
'07/07/2014',331
'07/08/2014',277
'07/09/2014',275
'07/10/2014',379
'07/11/2014',471
'07/12/2014',660
'07/13/2014',596
'07/14/2014',171
'07/15/2014',167
'07/16/2014',341
'07/17/2014',429
'07/18/2014',491
'07/19/2014',835
'07/20/2014',663
'07/21/2014',418
'07/22/2014',367
'07/23/2014',233
'07/24/2014',378
'07/25/2014',477
'07/26/2014',734
'07/27/2014',617
'07/28/2014',324
'07/29/2014',424
'07/30/2014',395
'07/31/2014',398
'08/01/2014',458
'08/02/2014',623
'08/03/2014',580
'08/04/2014',274
'08/05/2014',398
'08/06/2014',369
'08/07/2014',396
'08/08/2014',499
'08/09/2014',806
'08/10/2014',703
'08/11/2014',359
'08/12/2014',254
'08/13/2014',296
'08/14/2014',468
'08/15/2014',492
'08/16/2014',884
'08/17/2014',635
'08/18/2014',373
'08/19/2014',391
'08/20/2014',399
'08/21/2014',341
'08/22/2014',366
'08/23/2014',745
'08/24/2014',710
'08/25/2014',382
'08/26/2014',349
'08/27/2014',336
'08/28/2014',358
'08/29/2014',475
'08/30/2014',721
'08/31/2014',555
'09/01/2014',466
'09/02/2014',243
'09/03/2014',280
'09/04/2014',332
'09/05/2014',389
'09/06/2014',611
'09/07/2014',565
'09/08/2014',381
'09/09/2014',361
'09/10/2014',393
'09/11/2014',391
'09/12/2014',490
'09/13/2014',564
'09/14/2014',656
'09/15/2014',437
'09/16/2014',408
'09/17/2014',430
'09/18/2014',494
'09/19/2014',511
'09/20/2014',867
'09/21/2014',654
'09/22/2014',346
'09/23/2014',357
'09/24/2014',475
'09/25/2014',302
'09/26/2014',553
'09/27/2014',919
'09/28/2014',614
'09/29/2014',367
'09/30/2014',319
'10/01/2014',415
'10/02/2014',422
'10/03/2014',473
'10/04/2014',628
'10/05/2014',558
'10/06/2014',337
'10/07/2014',402
'10/08/2014',410
'10/09/2014',364
'10/10/2014',459
'10/11/2014',586
'10/12/2014',529
'10/13/2014',341
'10/14/2014',459
'10/15/2014',366
'10/16/2014',427
'10/17/2014',517
'10/18/2014',690
'10/19/2014',430
'10/20/2014',301
'10/21/2014',364
'10/22/2014',244
'10/23/2014',269
'10/24/2014',391
'10/25/2014',665
'10/26/2014',490
'10/27/2014',330
'10/28/2014',386
'10/29/2014',381
'10/30/2014',349
'10/31/2014',397
'11/01/2014',419
'11/02/2014',350
'11/03/2014',302
'11/04/2014',313
'11/05/2014',387
'11/06/2014',267
'11/07/2014',265
'11/08/2014',464
'11/09/2014',420
'11/10/2014',317
'11/11/2014',381
'11/12/2014',338
'11/13/2014',279
'11/14/2014',319
'11/15/2014',489
'11/16/2014',447
'11/17/2014',216
'11/18/2014',236
'11/19/2014',228
'11/20/2014',287
'11/21/2014',297
'11/22/2014',449
'11/23/2014',547
'11/24/2014',324
'11/25/2014',318
'11/26/2014',159
'11/27/2014',161
'11/28/2014',178
'11/29/2014',335
'11/30/2014',346
'12/01/2014',273
'12/02/2014',246
'12/03/2014',291
'12/04/2014',324
'12/05/2014',298
'12/06/2014',380
'12/07/2014',393
'12/08/2014',296
'12/09/2014',217
'12/10/2014',239
'12/11/2014',244
'12/12/2014',336
'12/13/2014',447
'12/14/2014',366
'12/15/2014',273
'12/16/2014',323
'12/17/2014',316
'12/18/2014',341
'12/19/2014',295
'12/20/2014',360
'12/21/2014',400
'12/22/2014',248
'12/23/2014',209
'12/24/2014',172
'12/25/2014',153
'12/26/2014',172
'12/27/2014',291
'12/28/2014',272
'12/29/2014',209
'12/30/2014',214
'12/31/2014',192
'01/01/2015',248
'01/02/2015',191
'01/03/2015',325
'01/04/2015',254
'01/05/2015',188
'01/06/2015',208
'01/07/2015',193
'01/08/2015',192
'01/09/2015',188
'01/10/2015',324
'01/11/2015',324
'01/12/2015',199
'01/13/2015',217
'01/14/2015',183
'01/15/2015',211
'01/16/2015',279
'01/17/2015',293
'01/18/2015',323
'01/19/2015',305
'01/20/2015',240
'01/21/2015',256
'01/22/2015',218
'01/23/2015',283
'01/24/2015',353
'01/25/2015',315
'01/26/2015',145
'01/27/2015',82
'01/28/2015',163
'01/29/2015',260
'01/30/2015',269
'01/31/2015',279
'02/01/2015',326
'02/02/2015',167
'02/03/2015',154
'02/04/2015',252
'02/05/2015',215
'02/06/2015',202
'02/07/2015',331
'02/08/2015',319
'02/09/2015',176
'02/10/2015',227
'02/11/2015',240
'02/12/2015',230
'02/13/2015',225
'02/14/2015',323
'02/15/2015',226
'02/16/2015',218
'02/17/2015',173
'02/18/2015',207
'02/19/2015',169
'02/20/2015',222
'02/21/2015',333
'02/22/2015',265
'02/23/2015',221
'02/24/2015',183
'02/25/2015',239
'02/26/2015',231
'02/27/2015',253
'02/28/2015',339
'03/01/2015',278
'03/02/2015',166
'03/03/2015',195
'03/04/2015',235
'03/05/2015',178
'03/06/2015',203
'03/07/2015',319
'03/08/2015',273
'03/09/2015',310
'03/10/2015',269
'03/11/2015',361
'03/12/2015',301
'03/13/2015',321
'03/14/2015',393
'03/15/2015',364
'03/16/2015',272
'03/17/2015',317
'03/18/2015',258
'03/19/2015',258
'03/20/2015',245
'03/21/2015',405
'03/22/2015',378
'03/23/2015',217
'03/24/2015',298
'03/25/2015',287
'03/26/2015',254
'03/27/2015',325
'03/28/2015',434
'03/29/2015',367
'03/30/2015',329
'03/31/2015',342
'04/01/2015',366
'04/02/2015',426
'04/03/2015',472
'04/04/2015',493
'04/05/2015',447
'04/06/2015',446
'04/07/2015',402
'04/08/2015',311
'04/09/2015',314
'04/10/2015',378
'04/11/2015',596
'04/12/2015',544
'04/13/2015',402
'04/14/2015',420
'04/15/2015',489
'04/16/2015',501
'04/17/2015',640
'04/18/2015',1022
'04/19/2015',662
'04/20/2015',278
'04/21/2015',369
'04/22/2015',420
'04/23/2015',339
'04/24/2015',326
'04/25/2015',645
'04/26/2015',583
'04/27/2015',358
'04/28/2015',589
'04/29/2015',587
'04/30/2015',425
'05/01/2015',552
'05/02/2015',618
'05/03/2015',744
'05/04/2015',584
'05/05/2015',627
'05/06/2015',618
'05/07/2015',610
'05/08/2015',810
'05/09/2015',926
'05/10/2015',1010
'05/11/2015',556
'05/12/2015',518
'05/13/2015',442
'05/14/2015',520
'05/15/2015',670
'05/16/2015',759
'05/17/2015',701
'05/18/2015',467
'05/19/2015',484
'05/20/2015',416
'05/21/2015',367
'05/22/2015',538
'05/23/2015',755
'05/24/2015',878
'05/25/2015',964
'05/26/2015',503
'05/27/2015',457
'05/28/2015',549
'05/29/2015',662
'05/30/2015',986
'05/31/2015',561
'06/01/2015',269
'06/02/2015',325
'06/03/2015',454
'06/04/2015',496
'06/05/2015',542
'06/06/2015',1044
'06/07/2015',916
'06/08/2015',476
'06/09/2015',470
'06/10/2015',596
'06/11/2015',514
'06/12/2015',511
'06/13/2015',850
'06/14/2015',738
'06/15/2015',274
'06/16/2015',309
'06/17/2015',438
'06/18/2015',496
'06/19/2015',599
'06/20/2015',853
'06/21/2015',825
'06/22/2015',494
'06/23/2015',391
'06/24/2015',555
'06/25/2015',561
'06/26/2015',689
'06/27/2015',688
'06/28/2015',700
'06/29/2015',587
'06/30/2015',541
'07/01/2015',556
'07/02/2015',583
'07/03/2015',788
'07/04/2015',805
'07/05/2015',765
'07/06/2015',427
'07/07/2015',354
'07/08/2015',393
'07/09/2015',339
'07/10/2015',532
'07/11/2015',909
'07/12/2015',823
'07/13/2015',442
'07/14/2015',386
'07/15/2015',424
'07/16/2015',589
'07/17/2015',613
'07/18/2015',869
'07/19/2015',540
'07/20/2015',320
'07/21/2015',316
'07/22/2015',439
'07/23/2015',535
'07/24/2015',577
'07/25/2015',943
'07/26/2015',576
'07/27/2015',453
'07/28/2015',362
'07/29/2015',381
'07/30/2015',320
'07/31/2015',481
'08/01/2015',756
'08/02/2015',614
'08/03/2015',332
'08/04/2015',428
'08/05/2015',446
'08/06/2015',475
'08/07/2015',519
'08/08/2015',881
'08/09/2015',782
'08/10/2015',428
'08/11/2015',299
'08/12/2015',399
'08/13/2015',489
'08/14/2015',631
'08/15/2015',881
'08/16/2015',681
'08/17/2015',328
'08/18/2015',354
'08/19/2015',367
'08/20/2015',430
'08/21/2015',522
'08/22/2015',983
'08/23/2015',759
'08/24/2015',403
'08/25/2015',457
'08/26/2015',492
'08/27/2015',529
'08/28/2015',669
'08/29/2015',988
'08/30/2015',730
'08/31/2015',353
'09/01/2015',368
'09/02/2015',426
'09/03/2015',357
'09/04/2015',508
'09/05/2015',818
'09/06/2015',852
'09/07/2015',738
'09/08/2015',288
'09/09/2015',292
'09/10/2015',255
'09/11/2015',507
'09/12/2015',733
'09/13/2015',633
'09/14/2015',434
'09/15/2015',494
'09/16/2015',490
'09/17/2015',486
'09/18/2015',652
'09/19/2015',978
'09/20/2015',757
'09/21/2015',472
'09/22/2015',521
'09/23/2015',603
'09/24/2015',643
'09/25/2015',724
'09/26/2015',1079
'09/27/2015',836
'09/28/2015',466
'09/29/2015',401
'09/30/2015',349
'10/01/2015',392
'10/02/2015',310
'10/03/2015',451
'10/04/2015',547
'10/05/2015',400
'10/06/2015',502
'10/07/2015',503
'10/08/2015',525
'10/09/2015',456
'10/10/2015',691
'10/11/2015',685
'10/12/2015',486
'10/13/2015',449
'10/14/2015',512
'10/15/2015',436
'10/16/2015',572
'10/17/2015',664
'10/18/2015',432
'10/19/2015',334
'10/20/2015',472
'10/21/2015',607
'10/22/2015',621
'10/23/2015',506
'10/24/2015',751
'10/25/2015',640
'10/26/2015',367
'10/27/2015',392
'10/28/2015',303
'10/29/2015',441
'10/30/2015',467
'10/31/2015',709
'11/01/2015',574
'11/02/2015',387
'11/03/2015',514
'11/04/2015',481
'11/05/2015',458
'11/06/2015',741
'11/07/2015',903
'11/08/2015',529
'11/09/2015',385
'11/10/2015',327
'11/11/2015',361
'11/12/2015',393
'11/13/2015',451
'11/14/2015',623
'11/15/2015',517
'11/16/2015',416
'11/17/2015',453
'11/18/2015',472
'11/19/2015',393
'11/20/2015',444
'11/21/2015',703
'11/22/2015',516
'11/23/2015',251
'11/24/2015',337
'11/25/2015',309
'11/26/2015',288
'11/27/2015',322
'11/28/2015',427
'11/29/2015',368
'11/30/2015',282
'12/01/2015',231
'12/02/2015',341
'12/03/2015',396
'12/04/2015',365
'12/05/2015',655
'12/06/2015',526
'12/07/2015',385
'12/08/2015',382
'12/09/2015',416
'12/10/2015',424
'12/11/2015',470
'12/12/2015',923
'12/13/2015',633
'12/14/2015',333
'12/15/2015',359
'12/16/2015',373
'12/17/2015',373
'12/18/2015',362
'12/19/2015',446
'12/20/2015',410
'12/21/2015',249
'12/22/2015',320
'12/23/2015',299
'12/24/2015',362
'12/25/2015',363
'12/26/2015',324
'12/27/2015',337
'12/28/2015',243
'12/29/2015',231
'12/30/2015',310
'12/31/2015',255
'01/01/2016',298
'01/02/2016',326
'01/03/2016',343
'01/04/2016',230
'01/05/2016',246
'01/06/2016',266
'01/07/2016',272
'01/08/2016',290
'01/09/2016',516
'01/10/2016',371
'01/11/2016',281
'01/12/2016',222
'01/13/2016',204
'01/14/2016',270
'01/15/2016',333
'01/16/2016',462
'01/17/2016',349
'01/18/2016',309
'01/19/2016',244
'01/20/2016',273
'01/21/2016',233
'01/22/2016',303
'01/23/2016',184
'01/24/2016',120
'01/25/2016',163
'01/26/2016',231
'01/27/2016',282
'01/28/2016',223
'01/29/2016',330
'01/30/2016',452
'01/31/2016',399
'02/01/2016',284
'02/02/2016',317
'02/03/2016',309
'02/04/2016',350
'02/05/2016',248
'02/06/2016',434
'02/07/2016',375
'02/08/2016',231
'02/09/2016',271
'02/10/2016',294
'02/11/2016',247
'02/12/2016',325
'02/13/2016',348
'02/14/2016',267
'02/15/2016',212
'02/16/2016',285
'02/17/2016',323
'02/18/2016',331
'02/19/2016',297
'02/20/2016',600
'02/21/2016',469
'02/22/2016',360
'02/23/2016',268
'02/24/2016',257
'02/25/2016',353
'02/26/2016',308
'02/27/2016',538
'02/28/2016',503
'02/29/2016',300
'03/01/2016',287
'03/02/2016',315
'03/03/2016',314
'03/04/2016',254
'03/05/2016',513
'03/06/2016',424
'03/07/2016',362
'03/08/2016',28
